title,genre
10-Things-I-Hate-About-You,"[u'Comedy', u'Drama', u'Romance']"
12-and-Holding,[u'Drama']
12-Monkeys,"[u'Adventure', u'Drama', u'Mystery', u'Sci-Fi', u'Thriller']"
12-Years-a-Slave,"[u'Biography', u'Drama', u'History']"
127-Hours,"[u'Adventure', u'Biography', u'Drama', u'Thriller']"
1492-Conquest-of-Paradise,"[u'Adventure', u'Biography', u'Drama', u'History']"
15-Minutes,"[u'Action', u'Crime', u'Drama', u'Thriller']"
17-Again,"[u'Comedy', u'Drama', u'Family', u'Fantasy']"
187,"[u'Drama', u'Thriller']"
2001-A-Space-Odyssey,"[u'Adventure', u'Mystery', u'Sci-Fi']"
2012,"[u'Action', u'Adventure', u'Sci-Fi']"
25th-Hour,[u'Drama']
30-Minutes-or-Less,"[u'Action', u'Comedy', u'Crime']"
42,"[u'Biography', u'Drama', u'Sport']"
44-Inch-Ches,"[u'Crime', u'Drama']"
50-50,"[u'Action', u'Adventure', u'Comedy']"
500-Days-of-Summer,"[u'Comedy', u'Drama', u'Romance']"
8MM,"[u'Mystery', u'Thriller']"
9,"[u'Animation', u'Action', u'Adventure', u'Drama', u'Mystery', u'Sci-Fi', u'Thriller']"
A-Few-Good-Men,"[u'Drama', u'Thriller']"
A-Serious-Man,"[u'Comedy', u'Drama']"
Above-the-Law,"[u'Action', u'Crime', u'Mystery', u'Thriller']"
Absolute-Power,"[u'Action', u'Crime', u'Drama', u'Thriller']"
"Abyss,-The","[u'Adventure', u'Drama', u'Romance', u'Sci-Fi', u'Thriller']"
Adaptation,"[u'Comedy', u'Drama']"
"Addams-Family,-The","[u'Comedy', u'Fantasy']"
"Adjustment-Bureau,-The","[u'Romance', u'Sci-Fi', u'Thriller']"
"Adventures-of-Buckaroo-Banzai-Across-the-Eighth-Dimension,-The","[u'Adventure', u'Comedy', u'Romance', u'Sci-Fi']"
Affliction,"[u'Drama', u'Mystery', u'Thriller']"
After-School-Specia,"[u'Adventure', u'Comedy', u'Crime']"
After.Life,"[u'Drama', u'Horror', u'Mystery', u'Thriller']"
Agnes-of-God,"[u'Drama', u'Mystery']"
Airplane-2-The-Seque,"[u'Comedy', u'Sci-Fi']"
Airplane,"[u'Action', u'Comedy', u'Sci-Fi', u'Horror']"
Aladdin,"[u'Animation', u'Adventure', u'Comedy', u'Family', u'Fantasy', u'Musical', u'Romance']"
Ali,"[u'Biography', u'Drama', u'Sport']"
Alien-3,"[u'Action', u'Horror', u'Sci-Fi']"
Alien-Nation,"[u'Action', u'Crime', u'Sci-Fi']"
Alien-Resurrection,"[u'Action', u'Horror', u'Sci-Fi']"
Alien-vs.-Predator,"[u'Action', u'Horror', u'Sci-Fi', u'Thriller']"
Alien,"[u'Horror', u'Sci-Fi']"
Aliens,"[u'Action', u'Adventure', u'Sci-Fi', u'Thriller']"
All-About-Eve,[u'Drama']
All-About-Steve,[u'Drama']
All-the-King's-Men,"[u'Drama', u'Thriller']"
All-the-President's-Men,"[u'Biography', u'Drama', u'History', u'Thriller']"
Almost-Famous,"[u'Adventure', u'Comedy', u'Drama', u'Music']"
Alone-in-the-Dark,"[u'Horror', u'Sci-Fi']"
Amadeus,"[u'Biography', u'Drama', u'History', u'Music']"
Amelia,"[u'Comedy', u'Romance']"
"American,-The","[u'Crime', u'Drama', u'Mystery', u'Thriller']"
American-Beauty,"[u'Drama', u'Romance']"
American-Gangster,"[u'Biography', u'Crime', u'Drama']"
American-Graffiti,"[u'Comedy', u'Drama', u'Music']"
American-History-X,"[u'Crime', u'Drama']"
American-Hustle,"[u'Crime', u'Drama']"
American-Madness,"[u'Crime', u'Thriller']"
American-Outlaws,"[u'Action', u'Western']"
American-Pie,[u'Comedy']
"American-President,-The","[u'Comedy', u'Drama', u'Romance']"
American-Psycho,"[u'Crime', u'Drama']"
American-Shaolin-King-of-Kickboxers-II,[u'Action']
American-Splendor,"[u'Biography', u'Comedy', u'Drama']"
American-Werewolf-in-London,"[u'Comedy', u'Horror']"
"Amityville-Asylum,-The",[u'Horror']
Amour,"[u'Drama', u'Romance']"
An-Education,[u'Drama']
Analyze-Tha,"[u'Comedy', u'Crime']"
Analyze-This,"[u'Comedy', u'Crime']"
Anastasia,"[u'Animation', u'Adventure', u'Drama', u'Family', u'Fantasy', u'Musical', u'Mystery', u'Romance']"
Angel-Eyes,"[u'Drama', u'Romance']"
Angels-&-Demons,"[u'Mystery', u'Thriller']"
Anna-Karenina,"[u'Drama', u'Romance']"
Annie-Ha,"[u'Comedy', u'Romance']"
"Anniversary-Party,-The","[u'Comedy', u'Drama', u'Romance']"
Anonymous,"[u'Crime', u'Drama', u'Thriller']"
Antitrus,"[u'Action', u'Crime', u'Drama', u'Thriller']"
Antz,"[u'Animation', u'Adventure', u'Comedy', u'Family']"
Apocalypse-Now,"[u'Drama', u'War']"
April-Fool's-Day,"[u'Horror', u'Mystery']"
Apt-Pupi,"[u'Crime', u'Drama', u'Thriller']"
Arbitrage,"[u'Drama', u'Thriller']"
Arcade,"[u'Horror', u'Sci-Fi']"
Arctic-Blue,"[u'Action', u'Thriller']"
Argo,"[u'Biography', u'Drama', u'History', u'Thriller']"
Armageddon,"[u'Action', u'Adventure', u'Sci-Fi', u'Thriller']"
Army-of-Darkness,"[u'Comedy', u'Fantasy', u'Horror']"
Arsenic-and-Old-Lace,"[u'Comedy', u'Crime', u'Thriller']"
Arthur,"[u'Comedy', u'Romance']"
"Artist,-The","[u'Comedy', u'Drama', u'Romance']"
As-Good-As-It-Gets,"[u'Comedy', u'Drama', u'Romance']"
Assassins,"[u'Action', u'Crime', u'Thriller']"
"Assignment,-The","[u'Action', u'Crime', u'Thriller']"
At-First-Sig,"[u'Drama', u'Romance']"
August-Osage-County,[u'Drama']
Austin-Powers---International-Man-of-Mystery,"[u'Comedy', u'Crime']"
Austin-Powers---The-Spy-Who-Shagged-Me,"[u'Action', u'Adventure', u'Comedy', u'Crime']"
Authors-Anonymous,[u'Comedy']
Autumn-in-New-York,"[u'Drama', u'Romance']"
Avatar,"[u'Action', u'Adventure', u'Fantasy', u'Sci-Fi']"
"Avengers,-The-(2012)","[u'Action', u'Sci-Fi']"
"Avengers,-The","[u'Action', u'Sci-Fi']"
"Avventura,-L'-(The-Adventure)",[u'Documentary']
Awakenings,"[u'Biography', u'Drama']"
Babe,"[u'Comedy', u'Drama', u'Family']"
"Bachelor-Party,-The",[u'Comedy']
Bachelor-Party,[u'Comedy']
"Back-up-Plan,-The","[u'Comedy', u'Romance']"
Backdraf,"[u'Action', u'Crime', u'Drama', u'Mystery', u'Thriller']"
Bad-Boys,"[u'Action', u'Comedy', u'Crime', u'Drama', u'Thriller']"
Bad-Country,"[u'Action', u'Crime', u'Drama', u'Mystery', u'Thriller']"
Bad-Day-at-Black-Rock,"[u'Crime', u'Drama', u'Mystery', u'Thriller', u'Western']"
Bad-Dreams,"[u'Horror', u'Thriller']"
Bad-Lieutenan,"[u'Crime', u'Drama', u'Thriller']"
Bad-Santa,"[u'Comedy', u'Crime', u'Drama']"
Bad-Teacher,[u'Comedy']
Badlands,"[u'Action', u'Adventure', u'Drama']"
Bamboozled,"[u'Comedy', u'Drama', u'Music']"
Barry-Lyndon,"[u'Adventure', u'Drama', u'History', u'War']"
Barton-Fink,"[u'Comedy', u'Drama', u'Thriller']"
Basic-Instinc,"[u'Drama', u'Mystery', u'Thriller']"
Basic,"[u'Action', u'Crime', u'Drama', u'Mystery', u'Thriller']"
Basquia,"[u'Biography', u'Drama']"
Batman-2,"[u'Action', u'Adventure']"
Batman,"[u'Action', u'Adventure']"
Battle-Los-Angeles,"[u'Action', u'Sci-Fi']"
"Battle-of-Algiers,-The","[u'Drama', u'War']"
"Battle-of-Shaker-Heights,-The","[u'Drama', u'Romance', u'Comedy']"
Bean,"[u'Adventure', u'Comedy', u'Family']"
Beasts-of-the-Southern-Wild,"[u'Drama', u'Fantasy']"
Beavis-and-Butt-head-Do-America,"[u'Animation', u'Adventure', u'Comedy', u'Crime', u'Music']"
Beginners,"[u'Comedy', u'Drama', u'Romance']"
Being-Human,"[u'Comedy', u'Drama', u'Fantasy', u'Horror']"
Being-John-Malkovic,"[u'Comedy', u'Drama', u'Fantasy']"
Being-There,"[u'Comedy', u'Drama']"
"Believer,-The",[u'Drama']
Beloved,"[u'Drama', u'History', u'Horror']"
Benny-&-Joon,"[u'Comedy', u'Drama', u'Romance']"
"Best-Exotic-Marigold-Hotel,-The","[u'Comedy', u'Drama']"
"Big-Blue,-The","[u'Adventure', u'Drama', u'Sport']"
Big-Fis,"[u'Adventure', u'Drama', u'Fantasy']"
"Big-Lebowski,-The","[u'Comedy', u'Crime', u'Mystery']"
"Big-White,-The","[u'Comedy', u'Crime', u'Drama']"
Big,"[u'Comedy', u'Drama', u'Family', u'Fantasy', u'Romance']"
"Birds,-The","[u'Drama', u'Horror', u'Mystery', u'Romance']"
Birthday-Gir,"[u'Comedy', u'Crime', u'Thriller']"
"Black-Dahlia,-The","[u'Crime', u'Drama', u'Mystery', u'Thriller']"
Black-Rain,"[u'Action', u'Crime', u'Thriller']"
Black-Snake-Moan,"[u'Drama', u'Music']"
Black-Swan,"[u'Drama', u'Thriller']"
Blade-Runner,"[u'Sci-Fi', u'Thriller']"
Blade-Trinity,"[u'Action', u'Adventure', u'Horror', u'Sci-Fi', u'Thriller']"
Blade,"[u'Action', u'Horror']"
"Blast-from-the-Past,-The","[u'Comedy', u'Drama', u'Romance', u'Sci-Fi']"
"Blind-Side,-The","[u'Biography', u'Drama', u'Sport']"
"Bling-Ring,-The","[u'Biography', u'Crime', u'Drama']"
Blood-and-Wine,"[u'Crime', u'Drama', u'Thriller']"
Blood-Simple,"[u'Crime', u'Drama', u'Thriller']"
Blow,"[u'Biography', u'Crime', u'Drama']"
Blue-Valentine,"[u'Drama', u'Romance']"
Blue-Velve,"[u'Drama', u'Mystery', u'Thriller']"
"Bodies,-Rest-&-Motion",[u'Drama']
Body-Hea,"[u'Crime', u'Drama', u'Romance', u'Thriller']"
Body-of-Evidence,"[u'Drama', u'Thriller']"
Bodyguard,"[u'Action', u'Drama', u'Music', u'Romance']"
Bonfire-of-the-Vanities,"[u'Comedy', u'Drama', u'Romance']"
Bonnie-and-Clyde,"[u'Action', u'Biography', u'Crime', u'Drama']"
Boogie-Nights,[u'Drama']
"Book-of-Eli,-The","[u'Action', u'Adventure', u'Drama', u'Thriller']"
"Boondock-Saints,-The","[u'Action', u'Crime', u'Thriller']"
Boondock-Saints-2-All-Saints-Day,"[u'Action', u'Crime', u'Thriller']"
Bound,"[u'Crime', u'Romance', u'Thriller']"
"Bounty-Hunter,-The",[u'Action']
"Bourne-Identity,-The","[u'Action', u'Mystery', u'Thriller']"
"Bourne-Supremacy,-The","[u'Action', u'Mystery', u'Thriller']"
"Bourne-Ultimatum,-The","[u'Action', u'Mystery', u'Thriller']"
"Box,-The","[u'Drama', u'Fantasy', u'Mystery', u'Thriller']"
Bravehear,"[u'Biography', u'Drama', u'History', u'War']"
Break,[u'Horror']
Breakdown,"[u'Action', u'Crime', u'Drama', u'Mystery', u'Thriller']"
"Breakfast-Club,-The","[u'Comedy', u'Drama']"
Breaking-Away,"[u'Comedy', u'Drama', u'Romance', u'Sport']"
Brick,"[u'Adventure', u'Family', u'Fantasy']"
Bridesmaids,"[u'Comedy', u'Romance']"
Bringing-Out-the-Dead,"[u'Drama', u'Thriller']"
Broadcast-News,"[u'Comedy', u'Drama', u'Romance']"
Broken-Arrow,"[u'Action', u'Crime', u'Thriller']"
Broken-Embraces,"[u'Drama', u'Romance', u'Thriller']"
"Brothers-Bloom,-The","[u'Adventure', u'Comedy', u'Drama', u'Romance']"
Bruce-Almighty,"[u'Comedy', u'Drama', u'Fantasy']"
Bull-Durha,"[u'Comedy', u'Romance', u'Sport']"
Buried,"[u'Drama', u'Mystery', u'Thriller']"
Burlesque,"[u'Drama', u'Music', u'Musical', u'Romance']"
Burn-After-Reading,"[u'Comedy', u'Drama']"
Burning-Annie,"[u'Comedy', u'Drama', u'Romance']"
"Butterfly-Effect,-The","[u'Sci-Fi', u'Thriller']"
Cable-Guy,"[u'Comedy', u'Drama', u'Thriller']"
Candle-to-Water,[u'Drama']
Capote,"[u'Biography', u'Crime', u'Drama', u'History']"
Carrie,[u'Horror']
Cars-2,"[u'Animation', u'Adventure', u'Comedy', u'Family', u'Sport']"
Case-39,"[u'Horror', u'Mystery', u'Thriller']"
Casino,"[u'Biography', u'Crime', u'Drama']"
Cast-Away,"[u'Animation', u'Action', u'Sci-Fi']"
Catch-Me-If-You-Can,"[u'Biography', u'Crime', u'Drama']"
Catwoman,"[u'Action', u'Crime', u'Fantasy', u'Thriller']"
Cecil-B.-Demented,"[u'Comedy', u'Crime', u'Thriller']"
Cedar-Rapids,[u'Comedy']
Celeste-&-Jesse-Forever,"[u'Comedy', u'Drama', u'Romance']"
"Cell,-The","[u'Horror', u'Sci-Fi', u'Thriller']"
Cellular,"[u'Action', u'Crime', u'Thriller']"
"Change-Up,-The","[u'Comedy', u'Fantasy']"
Changeling,"[u'Biography', u'Crime', u'Drama', u'Mystery', u'Thriller']"
Chaos,"[u'Action', u'Crime', u'Drama', u'Thriller']"
Charade,"[u'Comedy', u'Mystery', u'Romance', u'Thriller']"
Charlie's-Angels,"[u'Action', u'Adventure', u'Comedy', u'Crime', u'Thriller']"
Chasing-Amy,"[u'Comedy', u'Drama', u'Romance']"
Chasing-Sleep,"[u'Horror', u'Mystery', u'Thriller']"
Cherry-Falls,"[u'Comedy', u'Horror', u'Mystery', u'Romance', u'Thriller']"
Chinatown,"[u'Drama', u'Mystery', u'Thriller']"
Christ-Complex,"[u'Comedy', u'Fantasy']"
Chronicle,"[u'Sci-Fi', u'Thriller']"
"Chronicles-of-Narnia-The-Lion,-the-Witch-and-the-Wardrobe","[u'Adventure', u'Family', u'Fantasy']"
"Cider-House-Rules,-The","[u'Drama', u'Romance']"
"Cincinnati-Kid,-The",[u'Drama']
Cinema-Paradiso,[u'Drama']
Cirque-du-Freak-The-Vampire's-Assistan,"[u'Action', u'Adventure', u'Fantasy', u'Thriller']"
Citizen-Kane,"[u'Drama', u'Mystery']"
City-of-Joy,[u'Drama']
Clash-of-the-Titans,"[u'Action', u'Adventure', u'Fantasy']"
Clerks,[u'Comedy']
Cliffhanger,"[u'Action', u'Adventure', u'Thriller']"
Cobb,"[u'Biography', u'Drama', u'Sport']"
Code-of-Silence,"[u'Action', u'Crime', u'Drama', u'Thriller']"
Cold-Mountain,"[u'Adventure', u'Drama', u'History', u'Romance', u'War']"
Collatera,"[u'Drama', u'Romance']"
Collateral-Damage,"[u'Action', u'Drama', u'Thriller']"
Colombiana,"[u'Action', u'Crime', u'Drama', u'Thriller']"
Color-of-Nig,"[u'Mystery', u'Romance', u'Thriller']"
Commando,"[u'Action', u'Adventure', u'Thriller']"
Conan-the-Barbarian,"[u'Adventure', u'Fantasy']"
Confessions-of-a-Dangerous-Mind,"[u'Biography', u'Comedy', u'Crime', u'Drama', u'Romance', u'Thriller']"
Confidence,"[u'Crime', u'Thriller']"
Constantine,"[u'Drama', u'Fantasy', u'Horror', u'Thriller']"
"Cooler,-The","[u'Crime', u'Drama', u'Fantasy', u'Romance']"
Coraline,"[u'Animation', u'Family', u'Fantasy']"
Coriolanus,"[u'Drama', u'Thriller', u'War']"
Cowboys-&-Aliens,"[u'Action', u'Sci-Fi', u'Thriller', u'Western']"
Cradle-2-the-Grave,"[u'Action', u'Crime', u'Drama', u'Thriller']"
Crank,"[u'Action', u'Crime', u'Thriller']"
Cras,"[u'Crime', u'Drama', u'Thriller']"
"Crazy,-Stupid,-Love","[u'Comedy', u'Drama', u'Romance']"
Crazylove,"[u'Comedy', u'Drama', u'Romance']"
Creation,"[u'Biography', u'Drama', u'Romance']"
Crime-Spree,"[u'Action', u'Comedy', u'Crime']"
"Croods,-The","[u'Animation', u'Adventure', u'Comedy', u'Family', u'Fantasy']"
"Crouching-Tiger,-Hidden-Dragon","[u'Action', u'Adventure', u'Fantasy', u'Romance']"
Croupier,"[u'Crime', u'Drama']"
"Crow,-The","[u'Action', u'Drama', u'Fantasy']"
"Crow-City-of-Angels,-The","[u'Action', u'Fantasy', u'Thriller', u'Crime']"
Cruel-Intentions,"[u'Drama', u'Romance']"
Crying-Game,"[u'Crime', u'Drama', u'Romance', u'Thriller']"
"Curious-Case-of-Benjamin-Button,-The","[u'Drama', u'Fantasy', u'Romance']"
Custody,[u'Drama']
"Damned-United,-The","[u'Biography', u'Drama', u'Sport']"
Dances-with-Wolves,"[u'Adventure', u'Drama', u'Western']"
Dark-City,"[u'Action', u'Drama', u'Mystery', u'Sci-Fi', u'Thriller']"
"Dark-Knight-Rises,-The","[u'Action', u'Thriller']"
Dark-Star,"[u'Comedy', u'Sci-Fi']"
Darkman,"[u'Action', u'Crime', u'Fantasy', u'Sci-Fi', u'Thriller']"
Date-Nig,"[u'Comedy', u'Crime', u'Romance', u'Thriller']"
Dave-Barry's-Complete-Guide-to-Guys,[u'Comedy']
Dawn-of-the-Dead,"[u'Action', u'Horror', u'Thriller']"
Day-of-the-Dead,"[u'Action', u'Drama', u'Horror', u'Thriller']"
"Day-the-Clown-Cried,-The",[u'Drama']
"Day-the-Earth-Stood-Still,-The","[u'Drama', u'Sci-Fi', u'Thriller']"
Days-of-Heaven,"[u'Drama', u'Romance']"
Dead-Poets-Society,"[u'Comedy', u'Drama']"
Death-at-a-Funera,[u'Comedy']
Death-to-Smoochy,"[u'Comedy', u'Crime', u'Drama', u'Thriller']"
"Debt,-The","[u'Drama', u'Thriller']"
Deception,"[u'Crime', u'Drama', u'Mystery', u'Romance']"
Deep-Cover,
Deep-Rising,"[u'Action', u'Adventure', u'Horror', u'Sci-Fi']"
"Deer-Hunter,-The","[u'Drama', u'War']"
Defiance,"[u'Action', u'Drama', u'Sci-Fi']"
"Departed,-The","[u'Crime', u'Drama', u'Thriller']"
"Descendants,-The",
Despicable-Me-2,"[u'Animation', u'Adventure', u'Comedy', u'Family']"
Detroit-Rock-City,"[u'Comedy', u'Music']"
Devil's-Advocate,"[u'Drama', u'Mystery', u'Thriller']"
Devil-in-a-Blue-Dress,"[u'Crime', u'Drama', u'Mystery', u'Thriller']"
Die-Hard-2,"[u'Action', u'Thriller']"
Die-Hard,"[u'Action', u'Thriller']"
Diner,"[u'Comedy', u'Drama']"
"Distinguished-Gentleman,-The","[u'Comedy', u'Crime']"
Disturbia,"[u'Drama', u'Mystery', u'Thriller']"
Django-Unchained,"[u'Drama', u'Western']"
Do-The-Right-Thing,"[u'Comedy', u'Drama']"
Dog-Day-Afternoon,"[u'Action', u'Biography', u'Crime', u'Drama']"
Dogma,"[u'Adventure', u'Comedy', u'Drama', u'Fantasy']"
Donnie-Brasco,"[u'Biography', u'Crime', u'Drama']"
"Doors,-The","[u'Biography', u'Drama', u'Music', u'Musical']"
Double-Indemnity,"[u'Crime', u'Drama', u'Film-Noir', u'Mystery', u'Thriller']"
Drag-Me-to-He,"[u'Comedy', u'Horror', u'Thriller']"
Dragonslayer,"[u'Action', u'Adventure', u'Fantasy']"
Drive-Angry,"[u'Action', u'Fantasy', u'Thriller']"
Drive,"[u'Crime', u'Drama']"
Drop-Dead-Gorgeous,"[u'Comedy', u'Romance', u'Thriller']"
"Dry-White-Season,-A","[u'Drama', u'Thriller']"
Duck-Soup,"[u'Comedy', u'Musical', u'War']"
Dumb-and-Dumber,[u'Comedy']
Dune,"[u'Action', u'Adventure', u'Sci-Fi']"
E.T,"[u'Family', u'Sci-Fi']"
Eagle-Eye,"[u'Action', u'Mystery', u'Thriller']"
Eastern-Promises,"[u'Crime', u'Mystery', u'Thriller']"
Easy-A,"[u'Comedy', u'Drama', u'Romance']"
Ed-TV,"[u'Comedy', u'Drama']"
Ed-Wood,"[u'Biography', u'Comedy', u'Drama']"
Edward-Scissorhands,"[u'Drama', u'Fantasy', u'Romance']"
Eight-Legged-Freaks,"[u'Action', u'Comedy', u'Horror', u'Sci-Fi', u'Thriller']"
El-Mariachi,"[u'Action', u'Thriller']"
Election,"[u'Comedy', u'Drama', u'Romance']"
"Elephant-Man,-The","[u'Biography', u'Drama']"
Elizabeth-The-Golden-Age,"[u'Biography', u'Drama', u'History', u'War']"
Enoug,"[u'Comedy', u'Drama', u'Romance']"
Entrapmen,"[u'Action', u'Crime', u'Romance', u'Thriller']"
Erik-the-Viking,"[u'Comedy', u'Adventure', u'Fantasy']"
Erin-Brockovic,"[u'Biography', u'Drama']"
Escape-From-L.A,"[u'Action', u'Adventure', u'Sci-Fi', u'Thriller']"
Escape-From-New-York,"[u'Action', u'Sci-Fi']"
Eternal-Sunshine-of-the-Spotless-Mind,"[u'Drama', u'Fantasy', u'Romance', u'Sci-Fi']"
Even-Cowgirls-Get-the-Blues,"[u'Comedy', u'Drama', u'Romance', u'Western']"
Event-Horizon,"[u'Horror', u'Sci-Fi', u'Thriller']"
Evil-Dead-II-Dead-by-Dawn,
Evil-Dead,[u'Horror']
Excalibur,"[u'Adventure', u'Drama', u'Fantasy', u'Romance']"
eXistenZ,"[u'Action', u'Horror', u'Sci-Fi', u'Thriller']"
Extrac,"[u'Action', u'Thriller']"
"Fabulous-Baker-Boys,-The","[u'Drama', u'Music', u'Romance']"
Face-Off,"[u'Drama', u'Romance', u'Sport']"
Fair-Game,"[u'Biography', u'Drama', u'Thriller']"
"Family-Man,-The","[u'Comedy', u'Drama', u'Fantasy', u'Romance']"
Fantastic-Four,"[u'Action', u'Adventure', u'Sci-Fi']"
Fantastic-Mr-Fox,"[u'Animation', u'Adventure', u'Comedy', u'Crime', u'Family']"
Fargo,"[u'Crime', u'Drama', u'Thriller']"
Fast-Times-at-Ridgemont-Hig,"[u'Comedy', u'Drama']"
Fatal-Instinc,"[u'Comedy', u'Crime', u'Thriller']"
"Fault-in-Our-Stars,-The","[u'Drama', u'Romance']"
Fear-and-Loathing-in-Las-Vegas,"[u'Adventure', u'Comedy', u'Drama']"
Feas,"[u'Action', u'Comedy', u'Horror', u'Thriller']"
Ferris-Bueller's-Day-Off,[u'Comedy']
Field-of-Dreams,"[u'Drama', u'Family', u'Fantasy', u'Sport']"
"Fifth-Element,-The","[u'Action', u'Adventure', u'Sci-Fi']"
Fight-Club,[u'Drama']
"Fighter,-The","[u'Biography', u'Drama', u'Sport']"
Final-Destination-2,"[u'Horror', u'Thriller']"
Final-Destination,"[u'Horror', u'Thriller']"
Finding-Nemo,"[u'Animation', u'Adventure', u'Comedy', u'Family']"
Five-Easy-Pieces,[u'Drama']
Flash-Gordon,"[u'Action', u'Adventure', u'Sci-Fi']"
Fletc,"[u'Action', u'Crime', u'Mystery', u'Romance', u'Thriller']"
Flig,"[u'Adventure', u'Family', u'Sci-Fi']"
"Flintstones,-The","[u'Comedy', u'Family', u'Fantasy']"
Forrest-Gump,"[u'Comedy', u'Drama']"
Four-Feathers,"[u'Adventure', u'Drama', u'Romance', u'War']"
Four-Rooms,[u'Comedy']
Foxcatcher,"[u'Biography', u'Drama', u'Sport']"
Fracture,"[u'Crime', u'Drama', u'Mystery', u'Thriller']"
Frances,"[u'Biography', u'Drama', u'Romance']"
Frankenstein,"[u'Drama', u'Horror', u'Sci-Fi', u'Thriller']"
Freaked,"[u'Comedy', u'Sci-Fi']"
Freddy-vs.-Jason,"[u'Action', u'Horror', u'Thriller']"
"French-Connection,-The","[u'Action', u'Crime', u'Drama', u'Thriller']"
Friday-the-13,[u'Horror']
Friday-the-13th-Part-VIII-Jason-Takes-Manhattan,"[u'Adventure', u'Horror', u'Thriller']"
Fright-Nig,"[u'Comedy', u'Horror']"
Fright-Night-(1985),[u'Comedy']
From-Dusk-Till-Dawn,"[u'Action', u'Crime', u'Horror']"
From-Here-to-Eternity,"[u'Drama', u'Romance', u'War']"
Frozen-(Disney),[u'Music']
Frozen-River,"[u'Crime', u'Drama']"
Frozen,"[u'Animation', u'Adventure', u'Comedy', u'Family', u'Fantasy', u'Musical']"
Fruitvale-Station,"[u'Biography', u'Drama', u'Romance']"
"Fugitive,-The","[u'Action', u'Crime', u'Drama', u'Mystery', u'Thriller']"
Funny-People,"[u'Comedy', u'Drama']"
G.I.-Jane,"[u'Action', u'Drama', u'War']"
G.I.-Joe-The-Rise-of-Cobra,"[u'Action', u'Adventure', u'Sci-Fi', u'Thriller']"
"Game,-The","[u'Adventure', u'Drama', u'Fantasy', u'Romance']"
Game-6,"[u'Adventure', u'Drama', u'Fantasy', u'Romance']"
Gamer,"[u'Action', u'Sci-Fi', u'Thriller']"
Gandhi,"[u'Biography', u'Drama', u'History']"
Gang-Related,"[u'Action', u'Crime', u'Drama', u'Thriller']"
Gangs-of-New-York,"[u'Crime', u'Drama']"
Garden-State,"[u'Comedy', u'Drama', u'Romance']"
Gattaca,"[u'Drama', u'Sci-Fi', u'Thriller']"
Get-Carter,"[u'Crime', u'Thriller']"
Get-Low,"[u'Drama', u'Mystery']"
Get-Shorty,"[u'Comedy', u'Crime', u'Thriller']"
"Getaway,-The","[u'Action', u'Crime', u'Thriller']"
Ghos,"[u'Action', u'Comedy', u'Fantasy', u'Sci-Fi']"
"Ghost-and-the-Darkness,-The","[u'Adventure', u'Drama', u'Horror', u'Thriller']"
Ghost-Rider,"[u'Action', u'Fantasy', u'Thriller']"
Ghost-Ship,[u'Horror']
Ghost-World,"[u'Comedy', u'Drama']"
Ghostbusters-2,"[u'Action', u'Comedy', u'Fantasy', u'Sci-Fi']"
Ghostbusters,"[u'Action', u'Comedy', u'Fantasy', u'Sci-Fi']"
Ginger-Snaps,"[u'Drama', u'Fantasy', u'Horror']"
"Girl-with-the-Dragon-Tattoo,-The","[u'Crime', u'Drama', u'Mystery', u'Thriller']"
Gladiator,"[u'Action', u'Adventure', u'Drama']"
Glengarry-Glen-Gross,"[u'Crime', u'Drama', u'Mystery']"
Go,"[u'Comedy', u'Crime']"
Godfather-Part-II,"[u'Crime', u'Drama']"
"Godfather-Part-III,-The","[u'Crime', u'Drama']"
Godfather,"[u'Crime', u'Drama']"
Gods-and-Monsters,"[u'Biography', u'Drama']"
Godzilla,"[u'Action', u'Adventure', u'Drama', u'Horror', u'Sci-Fi']"
Gone-in-60-Seconds,"[u'Action', u'Crime', u'Drama']"
"Good-Girl,-The","[u'Drama', u'Romance']"
Good-Will-Hunting,[u'Drama']
Gothika,"[u'Horror', u'Mystery', u'Thriller']"
"Graduate,-The","[u'Comedy', u'Drama']"
Gran-Torino,[u'Drama']
Grand-Hote,"[u'Drama', u'Romance']"
Grand-Theft-Parsons,"[u'Adventure', u'Comedy', u'Drama']"
"Grapes-of-Wrath,-The","[u'Drama', u'History']"
Gravity,"[u'Adventure', u'Drama', u'Sci-Fi', u'Thriller']"
"Green-Mile,-The","[u'Crime', u'Drama', u'Fantasy', u'Mystery']"
Gremlins-2,"[u'Comedy', u'Fantasy', u'Horror']"
Gremlins,"[u'Comedy', u'Fantasy', u'Horror']"
"Grifters,-The","[u'Crime', u'Drama', u'Thriller']"
Grosse-Point-Blank,"[u'Action', u'Comedy', u'Crime', u'Romance', u'Thriller']"
Groundhog-Day,"[u'Comedy', u'Fantasy', u'Romance']"
"Grudge,-The","[u'Horror', u'Mystery', u'Thriller']"
Hackers,"[u'Comedy', u'Crime', u'Drama', u'Thriller']"
Hall-Pass,"[u'Comedy', u'Romance']"
Halloween-The-Curse-of-Michael-Myers,"[u'Horror', u'Thriller']"
Hancock,"[u'Action', u'Crime', u'Drama', u'Fantasy']"
"Hangover,-The",[u'Comedy']
Hanna,"[u'Action', u'Drama', u'Thriller']"
Hannah-and-Her-Sisters,"[u'Comedy', u'Drama']"
Hanniba,"[u'Crime', u'Drama', u'Horror', u'Mystery', u'Thriller']"
"Happy-Birthday,-Wanda-June","[u'Comedy', u'Drama']"
Happy-Fee,"[u'Animation', u'Comedy', u'Family', u'Music', u'Musical', u'Romance']"
Hard-Rain,"[u'Action', u'Crime', u'Drama', u'Thriller']"
Hard-to-Ki,"[u'Action', u'Crime', u'Drama', u'Thriller']"
Harold-and-Kumar-Go-to-White-Castle,"[u'Adventure', u'Comedy']"
"Haunting,-The","[u'Documentary', u'History', u'Horror']"
He's-Just-Not-That-Into-You,"[u'Comedy', u'Drama', u'Romance']"
Hea,"[u'Action', u'Comedy', u'Crime', u'Mystery', u'Thriller']"
Heathers,[u'Comedy']
Heavenly-Creatures,"[u'Biography', u'Crime', u'Drama', u'Thriller']"
"Hebrew-Hammer,-The",[u'Comedy']
Heis,"[u'Action', u'Crime', u'Thriller']"
Hellbound-Hellraiser-II,"[u'Horror', u'Thriller']"
Hellboy-2-The-Golden-Army,"[u'Action', u'Adventure', u'Fantasy', u'Horror', u'Sci-Fi']"
Hellboy,"[u'Action', u'Fantasy', u'Horror', u'Sci-Fi']"
Hellraiser-3-Hell-on-Ear,[u'Horror']
Hellraiser-Deader,"[u'Horror', u'Mystery', u'Thriller']"
Hellraiser-Hellseeker,"[u'Horror', u'Mystery', u'Thriller']"
Hellraiser,"[u'Horror', u'Thriller']"
"Help,-The",[u'Drama']
Henry's-Crime,"[u'Comedy', u'Crime', u'Drama', u'Romance']"
Henry-Foo,"[u'Comedy', u'Drama']"
Hesher,"[u'Comedy', u'Drama']"
High-Fidelity,"[u'Comedy', u'Drama', u'Music', u'Romance']"
Highlander-Endgame,"[u'Action', u'Adventure', u'Fantasy', u'Sci-Fi']"
Highlander,"[u'Action', u'Adventure', u'Fantasy']"
"Hills-Have-Eyes,-The",[u'Horror']
His-Girl-Friday,"[u'Comedy', u'Drama', u'Romance']"
Hitchcock,"[u'Biography', u'Drama']"
"Hitchhiker's-Guide-to-the-Galaxy,-The","[u'Adventure', u'Comedy', u'Sci-Fi']"
Hollow-Man,"[u'Action', u'Horror', u'Sci-Fi', u'Thriller']"
Honeydripper,"[u'Crime', u'Drama', u'History', u'Music', u'Musical']"
Horrible-Bosses,"[u'Comedy', u'Crime']"
"Horse-Whisperer,-The","[u'Drama', u'Romance', u'Western']"
"Hospital,-The","[u'Drama', u'Romance']"
Hostage,"[u'Action', u'Crime', u'Drama', u'Mystery', u'Thriller']"
Hot-Tub-Time-Machine,"[u'Comedy', u'Sci-Fi']"
Hotel-Rwanda,"[u'Biography', u'Drama', u'History', u'War']"
House-of-1000-Corpses,[u'Horror']
How-to-Lose-Friends-&-Alienate-People,"[u'Biography', u'Comedy', u'Drama', u'Romance']"
How-to-Train-Your-Dragon-2,"[u'Animation', u'Action', u'Adventure', u'Comedy', u'Family', u'Fantasy']"
How-to-Train-Your-Dragon,"[u'Animation', u'Action', u'Adventure', u'Comedy', u'Family', u'Fantasy']"
Hudson-Hawk,"[u'Action', u'Adventure', u'Comedy']"
"Hudsucker-Proxy,-The","[u'Comedy', u'Drama', u'Fantasy']"
Human-Nature,"[u'Comedy', u'Drama', u'Mystery']"
"Hunt-for-Red-October,-The","[u'Action', u'Adventure', u'Thriller']"
I'll-Do-Anything,"[u'Comedy', u'Drama']"
"I,-Robo","[u'Crime', u'Drama', u'Thriller']"
I-Am-Number-Four,"[u'Action', u'Adventure', u'Sci-Fi', u'Thriller']"
I-am-Sa,[u'Drama']
I-Love-You-Phillip-Morris,"[u'Biography', u'Comedy', u'Crime', u'Drama', u'Romance']"
I-Spit-on-Your-Grave,"[u'Horror', u'Thriller']"
I-Still-Know-What-You-Did-Last-Summer,"[u'Horror', u'Mystery']"
"Ice-Storm,-The",[u'Drama']
"Ides-of-March,-The",[u'Drama']
"Imaginarium-of-Doctor-Parnassus,-The","[u'Adventure', u'Fantasy', u'Mystery']"
In-the-Bedroo,"[u'Crime', u'Drama']"
In-the-Loop,[u'Comedy']
Inception,"[u'Action', u'Adventure', u'Sci-Fi', u'Thriller']"
"Incredibles,-The","[u'Animation', u'Action', u'Adventure', u'Family']"
Indiana-Jones-and-the-Last-Crusade,"[u'Action', u'Adventure', u'Fantasy']"
Indiana-Jones-and-the-Raiders-of-the-Lost-Ark,"[u'Animation', u'Short', u'Adventure', u'Comedy']"
Indiana-Jones-and-the-Temple-of-Doo,"[u'Action', u'Adventure']"
Indiana-Jones-IV,"[u'Action', u'Adventure']"
"Informant,-The","[u'Comedy', u'Crime', u'Drama']"
Inglourious-Basterds,"[u'Adventure', u'Drama', u'War']"
"Insider,-The","[u'Biography', u'Drama', u'Thriller']"
Insidious,"[u'Horror', u'Mystery', u'Thriller']"
Insomnia,"[u'Drama', u'Mystery', u'Thriller']"
Interstellar,"[u'Adventure', u'Drama', u'Sci-Fi']"
Interview-with-the-Vampire,"[u'Fantasy', u'Mystery', u'Thriller']"
Into-the-Wild,"[u'Adventure', u'Biography', u'Drama']"
Intolerable-Cruelty,"[u'Comedy', u'Crime', u'Romance']"
Inventing-the-Abbotts,"[u'Drama', u'Romance']"
"Invention-of-Lying,-The","[u'Comedy', u'Fantasy', u'Romance']"
Invictus,"[u'Biography', u'Drama', u'History', u'Sport']"
"Iron-Lady,-The","[u'Biography', u'Drama']"
"Island,-The","[u'Mystery', u'Thriller']"
It's-a-Wonderful-Life,"[u'Drama', u'Family', u'Fantasy']"
It's-Complicated,"[u'Comedy', u'Drama', u'Romance']"
It-Happened-One-Nig,"[u'Comedy', u'Romance']"
"Italian-Job,-The","[u'Action', u'Crime', u'Thriller']"
"Jacket,-The","[u'Drama', u'Mystery', u'Sci-Fi', u'Thriller']"
Jackie-Brown,"[u'Crime', u'Thriller']"
Jacob's-Ladder,"[u'Drama', u'Horror', u'Mystery']"
Jane-Eyre,"[u'Drama', u'Romance']"
Jason-X,"[u'Action', u'Horror', u'Sci-Fi', u'Thriller']"
Jaws-2,"[u'Adventure', u'Drama', u'Horror', u'Thriller']"
Jaws,"[u'Adventure', u'Drama', u'Thriller']"
Jay-and-Silent-Bob-Strike-Back,[u'Comedy']
Jennifer's-Body,"[u'Comedy', u'Horror']"
Jennifer-Eig,"[u'Comedy', u'Horror']"
Jerry-Maguire,"[u'Comedy', u'Drama', u'Romance', u'Sport']"
Jeux-Interdits,
JFK,"[u'Drama', u'History', u'Thriller']"
Jimmy-and-Judy,"[u'Crime', u'Drama', u'Thriller']"
John-Q,"[u'Crime', u'Drama', u'Thriller']"
Judge-Dredd,"[u'Action', u'Crime', u'Sci-Fi', u'Thriller']"
Juno,"[u'Comedy', u'Drama']"
Jurassic-Park-III,"[u'Action', u'Adventure', u'Sci-Fi', u'Thriller']"
Jurassic-Park-The-Lost-World,"[u'Action', u'Adventure', u'Sci-Fi']"
Jurassic-Park,"[u'Adventure', u'Sci-Fi', u'Thriller']"
Kafka,"[u'Drama', u'Mystery', u'Sci-Fi', u'Thriller']"
Kalifornia,"[u'Crime', u'Drama', u'Thriller']"
Kate-&-Leopold,"[u'Comedy', u'Fantasy', u'Romance']"
"Kids-Are-All-Right,-The","[u'Comedy', u'Drama', u'Romance']"
Kids,[u'Drama']
Kill-Bill-Volume-1-&-2,"[u'Comedy', u'Music']"
Killing-Zoe,"[u'Crime', u'Thriller']"
"King's-Speech,-The","[u'Biography', u'Drama']"
King-Kong,"[u'Adventure', u'Horror', u'Sci-Fi']"
"King-of-Comedy,-The","[u'Comedy', u'Drama', u'Romance']"
"Kingdom,-The",[u'Drama']
Klute,"[u'Crime', u'Mystery', u'Thriller']"
Knocked-Up,"[u'Comedy', u'Romance']"
Kramer-vs-Kramer,[u'Drama']
Kundun,"[u'Biography', u'Drama', u'History', u'War']"
Kung-Fu-Panda,"[u'Animation', u'Action', u'Adventure', u'Comedy', u'Family', u'Fantasy']"
L.A.-Confidentia,"[u'Crime', u'Drama', u'Mystery', u'Thriller']"
Labor-of-Love,"[u'Drama', u'Mystery', u'Romance', u'Thriller']"
Labyrin,"[u'Action', u'Sci-Fi', u'Thriller']"
"Ladykillers,-The","[u'Comedy', u'Crime']"
Lake-Placid,"[u'Action', u'Comedy', u'Horror']"
Land-of-the-Dead,"[u'Action', u'Drama', u'Horror', u'Thriller']"
Larry-Crowne,"[u'Comedy', u'Drama', u'Romance']"
"Last-Boy-Scout,-The","[u'Action', u'Thriller']"
Last-Chance-Harvey,"[u'Drama', u'Romance']"
"Last-Flight,-The","[u'Adventure', u'Drama', u'Romance']"
"Last-of-the-Mohicans,-The","[u'Action', u'Adventure', u'Drama', u'Romance', u'War']"
"Last-Samurai,-The","[u'Action', u'Drama', u'History', u'War']"
"Last-Station,-The","[u'Biography', u'Drama', u'Romance']"
Last-Tango-in-Paris,[u'Drama']
Law-Abiding-Citizen,"[u'Crime', u'Drama', u'Thriller']"
Le-Diable-par-la-Queue,[u'Comedy']
Legally-Blonde,"[u'Comedy', u'Romance']"
Legend,"[u'Biography', u'Crime', u'Drama', u'History', u'Thriller']"
Legion,"[u'Action', u'Drama', u'Sci-Fi']"
Les-Miserables,"[u'Drama', u'Musical', u'Romance']"
Les-Tontons-Flingueurs,[u'Comedy']
Leviathan,[u'Drama']
Liar-Liar,"[u'Comedy', u'Fantasy']"
"Life-of-David-Gale,-The","[u'Crime', u'Drama', u'Thriller']"
Life-of-Pi,"[u'Adventure', u'Drama', u'Fantasy']"
Life,"[u'Sci-Fi', u'Thriller']"
Light-Sleeper,"[u'Crime', u'Drama']"
"Limey,-The","[u'Crime', u'Drama', u'Mystery', u'Thriller']"
Limitless,"[u'Crime', u'Drama', u'Sci-Fi', u'Thriller']"
"Lincoln-Lawyer,-The","[u'Crime', u'Drama', u'Thriller']"
Lincoln,"[u'Biography', u'Drama', u'History', u'War']"
Little-Athens,"[u'Comedy', u'Crime', u'Drama', u'Romance']"
"Little-Mermaid,-The","[u'Animation', u'Family', u'Fantasy', u'Musical', u'Romance']"
Little-Nicky,"[u'Comedy', u'Fantasy']"
Living-in-Oblivion,"[u'Comedy', u'Drama']"
"Lock,-Stock-and-Two-Smoking-Barrels","[u'Comedy', u'Crime']"
Logan's-Run,"[u'Action', u'Sci-Fi']"
Lone-Star,"[u'Action', u'Adventure', u'Crime']"
"Long-Kiss-Goodnight,-The","[u'Action', u'Crime', u'Drama', u'Mystery', u'Thriller']"
Looper,"[u'Action', u'Crime', u'Drama', u'Sci-Fi', u'Thriller']"
Lord-of-Illusions,"[u'Horror', u'Mystery', u'Thriller']"
"Lord-of-the-Rings-Fellowship-of-the-Ring,-The","[u'Adventure', u'Drama', u'Fantasy']"
Lord-of-the-Rings-Return-of-the-King,"[u'Adventure', u'Drama', u'Fantasy']"
Lord-of-the-Rings-The-Two-Towers,"[u'Adventure', u'Drama', u'Fantasy']"
Lord-of-War,"[u'Crime', u'Drama', u'Thriller']"
"Losers,-The","[u'Action', u'Adventure', u'Crime', u'Mystery', u'Thriller']"
Lost-Highway,"[u'Mystery', u'Thriller']"
Lost-Horizon,"[u'Adventure', u'Drama', u'Fantasy', u'Mystery']"
Lost-in-Space,"[u'Adventure', u'Comedy', u'Family', u'Fantasy', u'Sci-Fi']"
Lost-in-Translation,[u'Drama']
Love-and-Basketba,[u'Reality-TV']
Machete,"[u'Action', u'Crime', u'Thriller']"
Machine-Gun-Preacher,"[u'Action', u'Biography', u'Crime', u'Drama']"
Mad-Max-2-The-Road-Warrior,"[u'Comedy', u'Talk-Show']"
Made,"[u'Comedy', u'Crime', u'Drama', u'Thriller']"
Magnolia,[u'Drama']
"Majestic,-The-(The-Bijou)","[u'Drama', u'Romance']"
Major-League,"[u'Comedy', u'Sport']"
Malcolm-X,"[u'Biography', u'Drama', u'History', u'Romance']"
Malibu's-Most-Wanted,"[u'Comedy', u'Crime']"
Man-in-the-Iron-Mask,"[u'Action', u'Adventure']"
Man-On-Fire,"[u'Action', u'Crime', u'Drama', u'Thriller']"
Man-on-the-Moon,"[u'Biography', u'Comedy', u'Drama']"
Man-Trouble,"[u'Comedy', u'Romance']"
"Man-Who-Knew-Too-Much,-The","[u'Drama', u'Thriller']"
"Man-Who-Wasn't-There,-The","[u'Crime', u'Drama']"
"Manchurian-Candidate,-The","[u'Drama', u'Mystery', u'Sci-Fi', u'Thriller']"
Manhattan-Murder-Mystery,"[u'Comedy', u'Mystery']"
Manhunter,"[u'Crime', u'Horror', u'Mystery', u'Thriller']"
Margare,[u'Drama']
Margin-Ca,"[u'Biography', u'Drama', u'Thriller']"
Margot-at-the-Wedding,"[u'Comedy', u'Drama']"
"Mariachi,-E","[u'Action', u'Thriller']"
Marley-&-Me,"[u'Comedy', u'Drama', u'Family']"
Martha-Marcy-May-Marlene,"[u'Drama', u'Mystery', u'Thriller']"
Marty,"[u'Drama', u'Romance']"
"Mask,-The","[u'Comedy', u'Family', u'Fantasy']"
"Master,-The","[u'Action', u'Comedy', u'Crime']"
Master-and-Commander,[u'Documentary']
"Matrix,-The","[u'Action', u'Sci-Fi']"
"Matrix-Reloaded,-The","[u'Action', u'Sci-Fi']"
Max-Payne,"[u'Action', u'Crime', u'Drama', u'Mystery', u'Thriller']"
Mean-Streets,"[u'Crime', u'Drama', u'Thriller']"
"Mechanic,-The","[u'Action', u'Crime', u'Thriller']"
Meet-Joe-Black,"[u'Drama', u'Fantasy', u'Romance']"
Meet-John-Doe,"[u'Comedy', u'Drama', u'Romance']"
Megamind,"[u'Animation', u'Action', u'Comedy', u'Family', u'Sci-Fi']"
Memento,"[u'Mystery', u'Thriller']"
Men-in-Black-3,"[u'Action', u'Adventure', u'Comedy', u'Family', u'Sci-Fi']"
Men-in-Black,"[u'Adventure', u'Comedy', u'Family', u'Mystery', u'Sci-Fi']"
"Men-Who-Stare-at-Goats,-The","[u'Comedy', u'War']"
Metro,"[u'Action', u'Comedy', u'Crime', u'Drama', u'Thriller']"
Miami-Vice,"[u'Action', u'Crime', u'Drama', u'Mystery', u'Thriller']"
Midnight-Cowboy,[u'Drama']
Midnight-Express,"[u'Biography', u'Crime', u'Drama', u'Thriller']"
Midnight-in-Paris,"[u'Comedy', u'Fantasy', u'Romance']"
Mighty-Morphin-Power-Rangers-The-Movie,"[u'Action', u'Adventure', u'Family', u'Fantasy', u'Sci-Fi']"
Milk,"[u'Biography', u'Drama', u'History', u'Romance']"
Miller's-Crossing,"[u'Crime', u'Drama', u'Thriller']"
Mimic,"[u'Horror', u'Sci-Fi']"
Mini's-First-Time,"[u'Comedy', u'Crime', u'Drama']"
"Miracle-Worker,-The","[u'Biography', u'Drama']"
Mirrors,"[u'Horror', u'Mystery']"
Misery,"[u'Crime', u'Drama', u'Thriller']"
Mission-Impossible-II,"[u'Action', u'Adventure', u'Thriller']"
Mission-Impossible,"[u'Action', u'Adventure', u'Crime', u'Drama', u'Thriller']"
Mission-to-Mars,"[u'Adventure', u'Sci-Fi', u'Thriller']"
Moneyba,"[u'Biography', u'Drama', u'Sport']"
Monkeybone,"[u'Animation', u'Comedy', u'Fantasy']"
Monte-Carlo,"[u'Comedy', u'Musical', u'Romance']"
Moon,"[u'Drama', u'Mystery', u'Sci-Fi']"
Moonrise-Kingdo,"[u'Adventure', u'Comedy', u'Drama', u'Romance']"
Moonstruck,"[u'Comedy', u'Drama', u'Romance']"
Mr-Blandings-Builds-His-Dream-House,"[u'Comedy', u'Romance']"
Mr-Brooks,"[u'Crime', u'Drama', u'Thriller']"
Mr-Deeds-Goes-to-Town,"[u'Comedy', u'Drama', u'Romance']"
Mrs.-Brown,"[u'Biography', u'Drama', u'History', u'Romance']"
Mud,[u'Drama']
Mulan,"[u'Animation', u'Adventure', u'Family', u'Fantasy', u'Musical', u'War']"
Mulholland-Drive,"[u'Drama', u'Mystery', u'Thriller']"
Mumford,"[u'Comedy', u'Drama']"
"Mummy,-The","[u'Action', u'Adventure', u'Fantasy', u'Horror']"
Music-of-the-Hear,"[u'Drama', u'Music']"
Mute-Witness,"[u'Horror', u'Thriller']"
My-Best-Friend's-Wedding,"[u'Comedy', u'Drama', u'Romance']"
My-Gir,"[u'Comedy', u'Drama', u'Family', u'Romance']"
My-Mother-Dreams-the-Satan's-Disciples-in-New-York,[u'Short']
My-Week-with-Marilyn,"[u'Biography', u'Drama']"
Napoleon-Dynamite,[u'Comedy']
Nashville,"[u'Drama', u'Music', u'Romance']"
Natural-Born-Killers,"[u'Crime', u'Drama']"
Never-Been-Kissed,"[u'Comedy', u'Drama', u'Romance']"
New-York-Minute,"[u'Comedy', u'Crime', u'Family', u'Romance']"
Newsies,"[u'Drama', u'Family', u'History', u'Musical']"
Nex,"[u'Crime', u'Drama', u'Romance', u'Thriller']"
Next-Friday,[u'Comedy']
"Next-Three-Days,-The","[u'Crime', u'Drama', u'Romance', u'Thriller']"
Ni-vu-ni-connu,[u'Adventure']
Nick-of-Time,"[u'Action', u'Crime', u'Drama', u'Thriller']"
Night-Time-(The-Poltergeist-Treatment),
Nightbreed,"[u'Action', u'Fantasy', u'Horror']"
"Nightmare-Before-Christmas,-The","[u'Animation', u'Family', u'Fantasy', u'Musical']"
"Nightmare-on-Elm-Street,-A",[u'Horror']
Nightmare-on-Elm-Street-The-Final-Chapter,
Nine,"[u'Drama', u'Musical', u'Romance']"
"Nines,-The","[u'Comedy', u'Crime']"
Ninja-Assassin,"[u'Action', u'Crime', u'Thriller']"
Ninotchka,"[u'Comedy', u'Romance']"
No-Strings-Attached,"[u'Comedy', u'Romance']"
Notting-Hi,[u'Thriller']
O-Brother-Where-Art-Thou%3f,"[u'Adventure', u'Comedy', u'Crime', u'Music']"
Oblivion,"[u'Action', u'Adventure', u'Mystery', u'Sci-Fi']"
Observe-and-Repor,"[u'Comedy', u'Crime', u'Drama']"
Obsessed,"[u'Drama', u'Mystery', u'Romance', u'Thriller']"
Ocean's-Eleven,"[u'Crime', u'Thriller']"
Ocean's-Twelve,"[u'Crime', u'Thriller']"
Office-Space,[u'Comedy']
One-Flew-Over-the-Cuckoo's-Nes,[u'Drama']
Only-God-Forgives,"[u'Crime', u'Drama']"
Ordinary-People,[u'Drama']
Orphan,"[u'Horror', u'Mystery', u'Thriller']"
"Other-Boleyn-Girl,-The","[u'Biography', u'Drama', u'History', u'Romance']"
Out-of-Sig,"[u'Crime', u'Drama', u'Romance', u'Thriller']"
"Pacifier,-The","[u'Action', u'Comedy', u'Drama', u'Family', u'Thriller']"
Pandoru,"[u'Action', u'Horror', u'Mystery', u'Sci-Fi', u'Thriller']"
Panic-Roo,"[u'Crime', u'Drama', u'Thriller']"
Papadopoulos-&-Sons,"[u'Comedy', u'Drama']"
ParaNorman,"[u'Animation', u'Adventure', u'Comedy', u'Family', u'Fantasy']"
Paria,"[u'Action', u'Crime']"
"Passion-of-Joan-of-Arc,-The","[u'Biography', u'Drama', u'History']"
"Patriot,-The","[u'Drama', u'History', u'Thriller']"
Pau,[u'Biography']
Peeping-To,"[u'Drama', u'Horror', u'Thriller']"
Peggy-Sue-Got-Married,"[u'Comedy', u'Drama', u'Fantasy', u'Romance']"
Perfect-Creature,"[u'Action', u'Drama', u'Fantasy', u'Horror', u'Sci-Fi']"
"Perfect-World,-A","[u'Crime', u'Drama', u'Thriller']"
"Perks-of-Being-a-Wallflower,-The","[u'Drama', u'Romance']"
Pet-Sematary-II,"[u'Fantasy', u'Horror']"
Pet-Sematary,"[u'Horror', u'Thriller']"
Petulia,"[u'Drama', u'Romance']"
Philadelphia,[u'Comedy']
Phone-Boo,"[u'Crime', u'Thriller']"
Pi,"[u'Drama', u'Horror', u'Mystery', u'Sci-Fi', u'Thriller']"
"Pianist,-The","[u'Biography', u'Drama', u'War']"
"Piano,-The","[u'Drama', u'Music', u'Romance']"
Pineapple-Express,"[u'Action', u'Comedy', u'Crime']"
Pirates-of-the-Caribbean-Dead-Man's-Ches,"[u'Action', u'Adventure', u'Fantasy']"
Pirates-of-the-Caribbean,"[u'Action', u'Adventure', u'Comedy', u'Fantasy']"
Pitch-Black,"[u'Animation', u'Action', u'Adventure', u'Fantasy']"
Platinum-Blonde,"[u'Comedy', u'Romance']"
Pleasantville,"[u'Comedy', u'Drama', u'Fantasy']"
Point-Break,"[u'Action', u'Crime', u'Sport', u'Thriller']"
Pokemon-Mewtwo-Returns,"[u'Animation', u'Action', u'Adventure', u'Drama', u'Family', u'Fantasy', u'Sci-Fi']"
"Postman,-The","[u'Action', u'Adventure', u'Drama', u'Sci-Fi']"
"Power-of-One,-The",[u'Drama']
Precious,[u'Drama']
Predator,"[u'Action', u'Sci-Fi', u'Thriller']"
Pretty-Woman-(final-script),
Pretty-Woman,"[u'Comedy', u'Romance']"
Pride-and-Prejudice,"[u'Drama', u'Romance']"
Pries,"[u'Mystery', u'Thriller']"
"Princess-Bride,-The","[u'Adventure', u'Family', u'Fantasy', u'Romance']"
"Private-Life-of-Sherlock-Holmes,-The","[u'Adventure', u'Comedy', u'Crime', u'Mystery', u'Romance', u'Thriller']"
"Producer,-The","[u'Comedy', u'Musical']"
"Program,-The","[u'Biography', u'Drama', u'Sport']"
Prom-Nig,"[u'Horror', u'Mystery']"
Prometheus,"[u'Adventure', u'Mystery', u'Sci-Fi']"
"Prophecy,-The","[u'Sci-Fi', u'Horror']"
"Proposal,-The","[u'Comedy', u'Drama', u'Romance']"
Psycho,"[u'Horror', u'Mystery', u'Thriller']"
Public-Enemies,"[u'Biography', u'Crime', u'Drama', u'History', u'Romance']"
Pulp-Fiction,"[u'Crime', u'Drama']"
Punch-Drunk-Love,"[u'Comedy', u'Drama', u'Romance', u'Thriller']"
Purple-Rain,"[u'Drama', u'Music', u'Musical', u'Romance']"
Quantum-Projec,"[u'Short', u'Adventure', u'Drama', u'Romance']"
"Queen,-The","[u'Biography', u'Drama', u'Sport']"
Queen-of-the-Damned,"[u'Drama', u'Fantasy', u'Horror']"
Rachel-Getting-Married,"[u'Drama', u'Romance']"
Raging-Bu,"[u'Biography', u'Drama', u'Sport']"
Raising-Arizona,"[u'Comedy', u'Crime']"
Rambling-Rose,[u'Drama']
"Reader,-The","[u'Drama', u'Romance']"
Real-Genius,"[u'Comedy', u'Romance', u'Sci-Fi']"
Rear-Window,"[u'Mystery', u'Thriller']"
Rebel-Without-A-Cause,[u'Drama']
Red-Plane,"[u'Action', u'Sci-Fi', u'Thriller']"
Red-Riding-Hood,"[u'Fantasy', u'Horror', u'Mystery', u'Thriller']"
Reindeer-Games,"[u'Action', u'Adventure', u'Crime', u'Thriller']"
"Relic,-The","[u'Horror', u'Mystery', u'Sci-Fi', u'Thriller']"
Remember-Me,"[u'Drama', u'Romance']"
"Replacements,-The","[u'Comedy', u'Sport']"
Repo-Man,"[u'Comedy', u'Crime', u'Sci-Fi', u'Thriller']"
"Rescuers-Down-Under,-The","[u'Animation', u'Adventure', u'Crime', u'Drama', u'Family', u'Fantasy', u'Mystery']"
Reservoir-Dogs,"[u'Crime', u'Drama', u'Thriller']"
"Revenant,-The","[u'Adventure', u'Drama', u'Thriller', u'Western']"
Revolutionary-Road,"[u'Drama', u'Romance']"
Ringu,"[u'Horror', u'Mystery', u'Sci-Fi']"
Rise-of-the-Guardians,"[u'Animation', u'Adventure', u'Family', u'Fantasy']"
Rise-of-the-Planet-of-the-Apes,"[u'Action', u'Drama', u'Sci-Fi', u'Thriller']"
RKO-281,"[u'Biography', u'Drama']"
"Road,-The","[u'Adventure', u'Comedy']"
Robin-Hood-Prince-of-Thieves,"[u'Action', u'Adventure', u'Drama', u'Romance']"
"Rock,-The","[u'Comedy', u'Drama']"
RocknRolla,"[u'Action', u'Crime', u'Thriller']"
"Rocky-Horror-Picture-Show,-The","[u'Comedy', u'Musical']"
Rocky,"[u'Drama', u'Sport']"
Romeo-&-Julie,"[u'Drama', u'Romance']"
Ronin,"[u'Action', u'Adventure', u'Crime', u'Thriller']"
"Roommate,-The",[u'Comedy']
Roughshod,"[u'Romance', u'Western']"
"Ruins,-The",[u'Horror']
Runaway-Bride,"[u'Comedy', u'Romance']"
Rus,"[u'Drama', u'Romance']"
Rush-Hour-2,"[u'Action', u'Comedy', u'Crime', u'Thriller']"
Rush-Hour,[u'Family']
Rushmore,"[u'Comedy', u'Drama']"
Rust-and-Bone,"[u'Drama', u'Romance']"
S.-Darko,"[u'Drama', u'Romance']"
"Saint,-The","[u'Crime', u'Drama', u'Romance']"
"Salton-Sea,-The","[u'Crime', u'Drama', u'Mystery', u'Thriller']"
"Sandlot-Kids,-The","[u'Comedy', u'Drama', u'Family', u'Sport']"
Save-the-Last-Dance,"[u'Drama', u'Music', u'Romance']"
Saving-Mr.-Banks,"[u'Biography', u'Comedy', u'Drama', u'Family', u'Music']"
Saving-Private-Ryan,"[u'Drama', u'War']"
Saw,"[u'Horror', u'Mystery', u'Thriller']"
Scarface,"[u'Crime', u'Drama']"
Schindler's-Lis,"[u'Biography', u'Drama', u'History']"
Scott-Pilgrim-vs-the-World,"[u'Action', u'Comedy', u'Fantasy', u'Romance']"
Screa,"[u'Comedy', u'Horror', u'Mystery']"
Scream-2,"[u'Horror', u'Mystery']"
Scream-3,"[u'Horror', u'Mystery']"
Se7en,"[u'Crime', u'Drama', u'Mystery', u'Thriller']"
"Searchers,-The","[u'Adventure', u'Drama', u'Western']"
Semi-Pro,"[u'Comedy', u'Sport']"
Sense-and-Sensibility,"[u'Drama', u'Romance']"
Serenity,"[u'Action', u'Adventure', u'Sci-Fi', u'Thriller']"
Serial-Mo,"[u'Comedy', u'Crime', u'Horror', u'Thriller']"
"Sessions,-The","[u'Biography', u'Comedy', u'Drama', u'Romance']"
"Seventh-Seal,-The","[u'Drama', u'Fantasy']"
"Sex,-Lies-and-Videotape",[u'Drama']
Sex-and-the-City,"[u'Comedy', u'Romance']"
Sexual-Life,"[u'Comedy', u'Drama']"
Shakespeare-in-Love,"[u'Comedy', u'Drama', u'History', u'Romance']"
Shallow-Grave,"[u'Crime', u'Thriller']"
Shame,[u'Drama']
"Shawshank-Redemption,-The","[u'Crime', u'Drama']"
She's-Out-of-My-League,"[u'Comedy', u'Romance']"
Sherlock-Holmes,"[u'Action', u'Adventure', u'Crime', u'Mystery', u'Thriller']"
Shifty,[u'Thriller']
"Shining,-The","[u'Drama', u'Horror']"
"Shipping-News,-The",[u'Drama']
Shivers,"[u'Horror', u'Sci-Fi']"
Shrek-the-Third,"[u'Animation', u'Adventure', u'Comedy', u'Family', u'Fantasy']"
Shrek,"[u'Animation', u'Adventure', u'Comedy', u'Family', u'Fantasy']"
Sideways,"[u'Comedy', u'Drama', u'Romance']"
"Siege,-The","[u'Action', u'Drama', u'Thriller', u'War']"
Signs,"[u'Drama', u'Mystery', u'Sci-Fi', u'Thriller']"
Silence-of-the-Lambs,"[u'Crime', u'Drama', u'Thriller']"
Silver-Bulle,[u'Horror']
Silver-Linings-Playbook,"[u'Comedy', u'Drama', u'Romance']"
Simone,"[u'Comedy', u'Drama', u'Sci-Fi']"
Single-White-Female,"[u'Drama', u'Thriller']"
Sister-Ac,"[u'Comedy', u'Crime', u'Family', u'Music']"
Six-Degrees-of-Separation,"[u'Comedy', u'Drama', u'Mystery']"
Sleepless-in-Seattle,"[u'Comedy', u'Drama', u'Romance']"
Sleepy-Hollow,"[u'Adventure', u'Drama', u'Fantasy', u'Mystery', u'Thriller']"
Sling-Blade,[u'Drama']
Slither,"[u'Comedy', u'Horror', u'Sci-Fi']"
Slumdog-Millionaire,[u'Drama']
Smashed,[u'Drama']
Smokin'-Aces,"[u'Action', u'Crime', u'Drama', u'Thriller']"
Snatc,"[u'Comedy', u'Crime']"
Snow-Falling-On-Cedars,"[u'Drama', u'Mystery', u'Romance', u'Thriller']"
Snow-White-and-the-Huntsman,"[u'Action', u'Adventure', u'Drama', u'Fantasy']"
So-I-Married-an-Axe-Murderer,"[u'Comedy', u'Romance']"
"Social-Network,-The","[u'Biography', u'Drama']"
Solaris,"[u'Drama', u'Mystery', u'Sci-Fi']"
Soldier,"[u'Action', u'Drama', u'Sci-Fi']"
Someone-To-Watch-Over-Me,"[u'Crime', u'Drama', u'Romance', u'Thriller']"
Something's-Gotta-Give,"[u'Comedy', u'Drama', u'Romance']"
Source-Code,"[u'Mystery', u'Romance', u'Sci-Fi', u'Thriller']"
South-Park,"[u'Animation', u'Comedy']"
Spanglis,"[u'Comedy', u'Drama', u'Romance']"
Spare-Me,[u'Thriller']
Spartan,"[u'Action', u'Crime', u'Drama', u'Mystery', u'Thriller']"
Speed-Racer,"[u'Animation', u'Action', u'Adventure', u'Family', u'Sci-Fi', u'Sport']"
Sphere,"[u'Drama', u'Horror', u'Mystery', u'Sci-Fi', u'Thriller']"
Spider-Man,"[u'Action', u'Adventure']"
St.-Elmo's-Fire,"[u'Drama', u'Romance']"
Star-Trek-First-Contac,"[u'Action', u'Adventure', u'Drama', u'Sci-Fi', u'Thriller']"
Star-Trek-Generations,"[u'Action', u'Adventure', u'Mystery', u'Sci-Fi', u'Thriller']"
Star-Trek-II-The-Wrath-of-Khan,"[u'Action', u'Adventure', u'Sci-Fi']"
Star-Trek-Nemesis,"[u'Action', u'Adventure', u'Sci-Fi', u'Thriller']"
Star-Trek-The-Motion-Picture,"[u'Adventure', u'Mystery', u'Sci-Fi']"
Star-Trek,"[u'Action', u'Adventure', u'Mystery', u'Sci-Fi']"
Star-Wars-A-New-Hope,"[u'Action', u'Adventure', u'Fantasy', u'Sci-Fi']"
Star-Wars-Attack-of-the-Clones,"[u'Action', u'Adventure', u'Fantasy', u'Sci-Fi']"
Star-Wars-Return-of-the-Jedi,[u'Reality-TV']
Star-Wars-Revenge-of-the-Si,"[u'Action', u'Adventure', u'Fantasy', u'Sci-Fi']"
Star-Wars-The-Empire-Strikes-Back,"[u'Action', u'Sci-Fi']"
Star-Wars-The-Force-Awakens,"[u'Action', u'Adventure', u'Fantasy', u'Sci-Fi']"
Star-Wars-The-Phantom-Menace,"[u'Action', u'Adventure', u'Fantasy', u'Sci-Fi']"
Starman,"[u'Romance', u'Sci-Fi']"
Starship-Troopers,"[u'Action', u'Adventure', u'Sci-Fi', u'Thriller']"
State-and-Main,"[u'Comedy', u'Drama']"
Station-Wes,"[u'Action', u'Mystery', u'Romance', u'Western']"
Stepmo,"[u'Comedy', u'Drama']"
"Sting,-The","[u'Comedy', u'Crime', u'Drama']"
Stir-of-Echoes,"[u'Horror', u'Mystery', u'Thriller']"
Storytelling,"[u'Comedy', u'Drama', u'Romance']"
Strange-Days,"[u'Action', u'Crime', u'Drama', u'Sci-Fi', u'Thriller']"
Strangers-on-a-Train,"[u'Crime', u'Film-Noir', u'Thriller']"
"Stuntman,-The","[u'Action', u'Comedy', u'Drama', u'Romance', u'Thriller']"
Sugar,"[u'Drama', u'Sport']"
Sunset-Blvd,[u'Documentary']
Sunshine-Cleaning,"[u'Comedy', u'Drama']"
Super-8,[u'Drama']
Superbad,[u'Comedy']
Supergir,"[u'Action', u'Adventure', u'Drama', u'Sci-Fi']"
"Surfer-King,-The",[u'Comedy']
Surrogates,"[u'Action', u'Sci-Fi', u'Thriller']"
Suspect-Zero,"[u'Crime', u'Drama', u'Mystery', u'Thriller']"
Sweeney-Todd-The-Demon-Barber-of-Fleet-Stree,"[u'Drama', u'Horror', u'Musical', u'Thriller']"
"Sweet-Hereafter,-The",[u'Drama']
Sweet-Smell-of-Success,"[u'Drama', u'Film-Noir']"
Swordfis,"[u'Action', u'Crime', u'Thriller']"
"Synecdoche,-New-York","[u'Comedy', u'Drama']"
Syriana,"[u'Drama', u'Thriller']"
Take-Shelter,"[u'Drama', u'Thriller']"
Taking-Lives,"[u'Crime', u'Mystery', u'Thriller']"
"Taking-of-Pelham-One-Two-Three,-The","[u'Action', u'Crime', u'Thriller']"
Taking-Sides,"[u'Drama', u'Music', u'War']"
"Talented-Mr.-Ripley,-The","[u'Crime', u'Drama', u'Thriller']"
Tall-in-the-Saddle,"[u'Mystery', u'Western', u'Romance']"
Tamara-Drewe,"[u'Comedy', u'Drama', u'Romance']"
Taxi-Driver,[u'Mystery']
Ted,"[u'Comedy', u'Fantasy']"
Terminator-2-Judgement-Day,"[u'Action', u'Sci-Fi']"
Terminator-Salvation,"[u'Action', u'Adventure', u'Sci-Fi']"
Terminator,"[u'Action', u'Sci-Fi']"
The-Rage-Carrie-2,"[u'Horror', u'Sci-Fi', u'Thriller']"
Thelma-&-Louise,"[u'Adventure', u'Crime', u'Drama']"
They,"[u'Horror', u'Mystery', u'Thriller']"
"Thing,-The","[u'Drama', u'Fantasy', u'Horror', u'Mystery', u'Sci-Fi', u'Thriller']"
"Things-My-Father-Never-Taught-Me,-The","[u'Short', u'Comedy', u'Romance']"
Thirteen-Days,"[u'Drama', u'History', u'Thriller']"
This-Boy's-Life,"[u'Biography', u'Drama']"
This-is-40,"[u'Comedy', u'Romance']"
Thor,"[u'Action', u'Adventure', u'Fantasy', u'Sci-Fi']"
Three-Kings-(Spoils-of-War),"[u'Action', u'Adventure', u'Comedy', u'Drama', u'War']"
Three-Kings,"[u'Action', u'Adventure', u'Comedy', u'Drama', u'War']"
Three-Men-and-a-Baby,
"Three-Musketeers,-The","[u'Action', u'Adventure', u'Romance']"
Thunderbirds,"[u'Animation', u'Action', u'Adventure', u'Family', u'Sci-Fi']"
Thunderhear,"[u'Crime', u'Mystery', u'Thriller']"
Ticker,"[u'Action', u'Crime', u'Thriller']"
Timber-Falls,"[u'Horror', u'Thriller']"
"Time-Machine,-The","[u'Comedy', u'Sci-Fi']"
Tin-Cup,"[u'Comedy', u'Drama', u'Romance', u'Sport']"
Tin-Men,"[u'Comedy', u'Drama']"
Tinker-Tailor-Soldier-Spy,"[u'Drama', u'Mystery', u'Thriller']"
Titanic,"[u'Drama', u'Romance']"
TMNT,"[u'Animation', u'Action', u'Adventure', u'Comedy', u'Family', u'Fantasy', u'Sci-Fi']"
To-Sleep-with-Anger,[u'Drama']
Tombstone,"[u'Action', u'Biography', u'Drama', u'History', u'Romance', u'Western']"
Tomorrow-Never-Dies,"[u'Action', u'Adventure', u'Thriller']"
Total-Reca,"[u'Action', u'Adventure', u'Mystery', u'Sci-Fi', u'Thriller']"
"Tourist,-The","[u'Action', u'Romance', u'Thriller']"
Toy-Story,"[u'Animation', u'Adventure', u'Comedy', u'Family', u'Fantasy']"
Traffic,"[u'Crime', u'Drama', u'Thriller']"
Training-Day,"[u'Crime', u'Drama', u'Thriller']"
Trainspotting,[u'Drama']
Transformers-The-Movie,"[u'Animation', u'Action', u'Adventure', u'Family', u'Sci-Fi']"
Tristan-and-Isolde,"[u'Drama', u'Romance']"
TRON-Legacy,"[u'Action', u'Adventure', u'Sci-Fi']"
TRON,"[u'Action', u'Adventure', u'Sci-Fi']"
Tropic-Thunder,"[u'Action', u'Comedy']"
True-Gri,"[u'Adventure', u'Drama', u'Western']"
True-Lies,"[u'Action', u'Comedy', u'Thriller']"
True-Romance,"[u'Crime', u'Drama', u'Romance', u'Thriller']"
"Truman-Show,-The","[u'Comedy', u'Drama', u'Sci-Fi']"
Twilig,"[u'Drama', u'Fantasy', u'Romance']"
Twilight-New-Moon,"[u'Adventure', u'Drama', u'Fantasy', u'Romance']"
Twin-Peaks,"[u'Crime', u'Drama', u'Mystery', u'Thriller']"
Twins,"[u'Comedy', u'Crime']"
Two-For-The-Money,"[u'Drama', u'Sport', u'Thriller']"
U-Turn,"[u'Crime', u'Drama', u'Thriller']"
"Ugly-Truth,-The","[u'Comedy', u'Romance']"
Un-Singe-en-Hiver,[u'Adventure']
Unbreakable,"[u'Drama', u'Mystery', u'Sci-Fi', u'Thriller']"
Under-Fire,"[u'Action', u'Drama', u'Mystery', u'Thriller', u'War']"
Unknown,"[u'Action', u'Mystery', u'Thriller']"
Up-in-the-Air,"[u'Drama', u'Romance']"
Up,"[u'Animation', u'Adventure', u'Comedy', u'Family']"
V-for-Vendetta,"[u'Action', u'Drama', u'Thriller']"
Valkyrie,"[u'Drama', u'History', u'Thriller', u'War']"
Vanilla-Sky,"[u'Fantasy', u'Mystery', u'Romance', u'Sci-Fi', u'Thriller']"
"Verdict,-The",[u'Drama']
Very-Bad-Things,"[u'Comedy', u'Crime', u'Thriller']"
"Village,-The","[u'Drama', u'Mystery', u'Thriller']"
Virtuosity,"[u'Action', u'Crime', u'Sci-Fi', u'Thriller']"
"Visitor,-The",[u'Drama']
Wag-the-Dog,"[u'Comedy', u'Drama']"
"Walk-to-Remember,-A","[u'Drama', u'Romance']"
Walking-Ta,"[u'Drama', u'Horror', u'Thriller']"
Wall-E,"[u'Animation', u'Adventure', u'Family', u'Sci-Fi']"
Wall-Stree,"[u'Biography', u'Comedy', u'Crime', u'Drama']"
Wall-Street-Money-Never-Sleeps,[u'Drama']
Wanted,"[u'Action', u'Crime', u'Fantasy', u'Thriller']"
War-Horse,"[u'Drama', u'War']"
War-of-the-Worlds,"[u'Adventure', u'Sci-Fi', u'Thriller']"
Warm-Springs,"[u'Biography', u'Drama']"
Warrior,"[u'Action', u'Drama', u'Sport']"
Watchmen,"[u'Action', u'Drama', u'Mystery', u'Sci-Fi']"
Water-for-Elephants,"[u'Drama', u'Romance']"
"Way-Back,-The","[u'Adventure', u'Biography', u'Drama', u'History']"
We-Own-the-Nig,"[u'Crime', u'Drama', u'Thriller']"
What-About-Bob%3f,[u'Comedy']
What-Lies-Benea,"[u'Drama', u'Fantasy', u'Horror', u'Mystery', u'Thriller']"
When-a-Stranger-Calls,"[u'Horror', u'Thriller']"
While-She-Was-Ou,"[u'Crime', u'Drama', u'Thriller']"
"Whistleblower,-The","[u'Action', u'Biography', u'Crime', u'Drama', u'Thriller']"
White-Christmas,"[u'Comedy', u'Musical', u'Romance']"
White-Jazz,
"White-Ribbon,-The","[u'Drama', u'Mystery']"
White-Squa,"[u'Adventure', u'Drama']"
Whiteou,"[u'Action', u'Crime', u'Mystery', u'Thriller']"
Who's-Your-Daddy,[u'Comedy']
Who-Framed-Roger-Rabbit%3f,"[u'Animation', u'Adventure', u'Comedy', u'Crime', u'Family', u'Fantasy', u'Mystery']"
Wild-At-Hear,"[u'Comedy', u'Crime', u'Drama', u'Thriller']"
"Wild-Bunch,-The","[u'Action', u'Adventure', u'Western']"
Wild-Hogs,"[u'Action', u'Adventure', u'Comedy']"
Wild-Things-Diamonds-in-the-Roug,"[u'Crime', u'Drama', u'Mystery', u'Thriller']"
Wild-Things,"[u'Crime', u'Drama', u'Mystery', u'Thriller']"
Wild-Wild-Wes,"[u'Action', u'Comedy', u'Sci-Fi', u'Western']"
Willow,"[u'Action', u'Adventure', u'Drama', u'Fantasy', u'Romance']"
Win-Win,[u'Short']
Wind-Chi,"[u'Drama', u'Horror', u'Thriller']"
Withnail-and-I,"[u'Comedy', u'Drama']"
Witness,"[u'Crime', u'Drama', u'Romance', u'Thriller']"
"Wizard-of-Oz,-The","[u'Adventure', u'Family', u'Fantasy', u'Musical']"
"Wolf-of-Wall-Street,-The","[u'Biography', u'Comedy', u'Crime', u'Drama']"
Wonder-Boys,"[u'Comedy', u'Drama']"
"Woodsman,-The","[u'Drama', u'Romance']"
"World-is-not-Enough,-The","[u'Action', u'Adventure', u'Thriller']"
"Wrestler,-The","[u'Drama', u'Sport']"
"X-Files-Fight-the-Future,-The","[u'Documentary', u'Sci-Fi', u'Short']"
X-Men-Origins-Wolverine,"[u'Action', u'Adventure', u'Sci-Fi', u'Thriller']"
xXx,"[u'Action', u'Adventure', u'Thriller']"
Year-One,"[u'Adventure', u'Comedy']"
Yes-Man,"[u'Comedy', u'Romance']"
You-Can-Count-On-Me,[u'Drama']
Youth-in-Revo,"[u'Comedy', u'Drama', u'Romance']"
Zero-Dark-Thirty,"[u'Drama', u'History', u'Thriller']"
Zerophilia,"[u'Comedy', u'Romance']"
