title,rating,mpaa
10-Things-I-Hate-About-You,7.2,"Rated PG-13 for crude sex-related humor and dialogue, alcohol and drug-related scenes, all involving teens"
12-and-Holding,7.6,"Rated R for some violence and sexual content involving minors, and for language"
12-Monkeys,7.6,
12-Years-a-Slave,8.1,"Rated R for violence/cruelty, some nudity and brief sexuality"
127-Hours,7.6,Rated R for language and some disturbing violent content/bloody images
1492-Conquest-of-Paradise,6.5,Rated PG-13 for historical violence and brutality
15-Minutes,6.1,"Rated R for strong violence, language and some sexuality"
17-Again,6.4,"Rated PG-13 for language, some sexual material and teen partying"
187,6.7,"Rated R for violence, strong language, drug use and brief nudity"
2001-A-Space-Odyssey,8.3,
2012,5.8,Rated PG-13 for intense disaster sequences and some language
25th-Hour,7.7,Rated R for strong language and some violence
30-Minutes-or-Less,6.1,"Rated R for crude and sexual content, pervasive language, nudity and some violence"
42,7.5,Rated PG-13 for thematic elements including language
44-Inch-Ches,5.8,"Rated R for pervasive strong language including sexual references, and some violence"
50-50,5.8,"Rated R for scenes of violence, and for language"
500-Days-of-Summer,7.7,Rated PG-13 for sexual material and language
8MM,6.5,"Rated R for strong perverse sexuality and violence, and for strong language"
9,7.1,Rated PG-13 for violence and scary images
A-Few-Good-Men,7.6,Rated R for language
A-Serious-Man,7.0,"Rated R for language, some sexuality/nudity and brief violence"
Above-the-Law,5.9,
Absolute-Power,6.7,"Rated R for violence, sexuality and language"
"Abyss,-The",7.6,Rated PG-13 for language and some scenes of action
Adaptation,7.7,"Rated R for language, sexuality, some drug use and violent images"
"Addams-Family,-The",6.8,
"Adjustment-Bureau,-The",7.1,"Rated PG-13 for brief strong language, some sexuality and a violent image"
"Adventures-of-Buckaroo-Banzai-Across-the-Eighth-Dimension,-The",6.4,
Affliction,7.0,Rated R for violence and language
After-School-Specia,,
After.Life,5.9,"Rated R for nudity, disturbing images, language and brief sexuality"
Agnes-of-God,6.6,
Airplane-2-The-Seque,6.1,
Airplane,,
Aladdin,8.0,
Ali,6.8,Rated R for some language and brief violence
Alien-3,6.4,"Rated R for monster violence, and for language"
Alien-Nation,6.3,
Alien-Resurrection,6.3,"Rated R for strong sci-fi violence and gore, some grotesque images, and for language"
Alien-vs.-Predator,5.6,"Rated PG-13 for violence, language, horror images, slime and gore"
Alien,8.5,Rated R for sci-fi violence/gore and language
Aliens,8.4,"Rated R for monster violence, and for language"
All-About-Eve,8.3,
All-About-Steve,8.3,
All-the-King's-Men,6.2,"Rated PG-13 for an intense sequence of violence, sexual content and partial nudity"
All-the-President's-Men,8.0,
Almost-Famous,7.9,"Rated R for language, drug content and brief nudity"
Alone-in-the-Dark,2.3,Rated R for violence and language
Amadeus,8.3,Rated R for brief nudity (director's cut)
Amelia,8.4,Rated R for sexual content
"American,-The",8.3,
American-Beauty,8.4,"Rated R for strong sexuality, language, violence and drug content"
American-Gangster,7.8,"Rated R for violence, pervasive drug content and language, nudity and sexuality"
American-Graffiti,7.5,
American-History-X,8.6,"Rated R for graphic brutal violence including rape, pervasive language, strong sexuality and nudity"
American-Hustle,7.3,"Rated R for pervasive language, some sexual content and brief violence"
American-Madness,,
American-Outlaws,6.0,Rated PG-13 for western violence
American-Pie,7.0,"Rated R for strong sexuality, crude sexual dialogue, language and drinking, all involving teens (cut)"
"American-President,-The",6.8,Rated PG-13 for some strong language
American-Psycho,7.6,"Rated R for strong violence, sexuality, drug use and language (edited for re-rating after appeal)"
American-Shaolin-King-of-Kickboxers-II,5.8,
American-Splendor,7.5,Rated R for language
American-Werewolf-in-London,7.6,
"Amityville-Asylum,-The",2.8,
Amour,7.9,"Rated PG-13 for mature thematic material including a disturbing act, and for brief language"
An-Education,7.3,"Rated PG-13 for mature thematic material involving sexual content, and for smoking"
Analyze-Tha,5.9,Rated R for language and some sexual content
Analyze-This,6.7,"Rated R for language, a scene of sexuality and some violence"
Anastasia,7.1,
Angel-Eyes,5.6,"Rated R for language, violence and a scene of sexuality"
Angels-&-Demons,6.7,"Rated PG-13 for sequences of violence, disturbing images and thematic material"
Anna-Karenina,6.6,Rated R for some sexuality and violence
Annie-Ha,8.1,
"Anniversary-Party,-The",6.3,"Rated R for language, drug use and nudity"
Anonymous,6.4,"Rated R for language throughout including some sexual references, and a bloody image"
Antitrus,6.1,Rated PG-13 for some violence and brief language
Antz,6.6,Rated PG for mild language and menacing action
Apocalypse-Now,8.5,"Rated R for disturbing violent images, language, sexual content and some drug use (Redux version)"
April-Fool's-Day,6.2,
Apt-Pupi,6.7,"Rated R for scenes of strong violence, language and brief sexuality"
Arbitrage,6.6,"Rated R for language, brief violent images and drug use"
Arcade,5.4,
Arctic-Blue,5.1,
Argo,7.7,Rated R for language and some violent images
Armageddon,6.6,"Rated PG-13 for sci-fi disaster action, sensuality and brief language"
Army-of-Darkness,7.6,Rated R for violence and horror
Arsenic-and-Old-Lace,8.1,
Arthur,7.5,
"Artist,-The",7.9,Rated PG-13 for a disturbing image and a crude gesture
As-Good-As-It-Gets,7.7,"Rated PG-13 on appeal for strong language, thematic elements, nudity and a beating (re-rating on appeal)"
Assassins,6.3,Rated R for violence and language
"Assignment,-The",5.4,"Rated R for graphic nudity, violence, sexuality, language and drug use"
At-First-Sig,5.9,"Rated PG-13 for scenes involving sexuality and nudity, and for brief strong language"
August-Osage-County,7.2,"Rated R for language including sexual references, and for drug material"
Austin-Powers---International-Man-of-Mystery,7.0,"Rated PG-13 for nudity, sex-related dialogue and humor"
Austin-Powers---The-Spy-Who-Shagged-Me,6.6,Rated PG-13 for sexual innuendo and crude humor
Authors-Anonymous,4.3,Rated PG-13 for some suggestive material
Autumn-in-New-York,5.5,Rated PG-13 for language and some sensuality
Avatar,7.9,"Rated PG-13 for intense epic battle sequences and warfare, sensuality, language and some smoking"
"Avengers,-The-(2012)",8.1,"Rated PG-13 for intense sequences of sci-fi violence and action throughout, and a mild drug reference"
"Avengers,-The",8.1,"Rated PG-13 for intense sequences of sci-fi violence and action throughout, and a mild drug reference"
"Avventura,-L'-(The-Adventure)",,
Awakenings,7.8,
Babe,6.8,
"Bachelor-Party,-The",6.3,
Bachelor-Party,6.3,
"Back-up-Plan,-The",5.3,"Rated PG-13 for sexual content including references, some crude material and language"
Backdraf,6.7,Rated R for language and a scene of sensuality
Bad-Boys,6.8,Rated R for intense violent action and pervasive strong language
Bad-Country,5.8,
Bad-Day-at-Black-Rock,7.8,
Bad-Dreams,5.5,
Bad-Lieutenan,7.1,"Rated NC-17 for sexual violence, strong sexual situations & dialogue, graphic drug use"
Bad-Santa,5.5,"Rated R for crude sexual content and language throughout, and some graphic nudity"
Bad-Teacher,5.7,"Rated R for sexual content, nudity, language and some drug use"
Badlands,8.1,
Bamboozled,6.5,Rated R for strong language and some violence
Barry-Lyndon,8.1,
Barton-Fink,7.7,Rated R for language and some scenes of violence
Basic-Instinc,6.9,"Rated R for strong violence and sensuality, and for drug use and language"
Basic,6.5,Rated R for violence and language
Basquia,6.9,Rated R for drug use and strong language
Batman-2,7.6,
Batman,7.6,
Battle-Los-Angeles,5.8,"Rated PG-13 for sustained and intense sequences of war violence and destruction, and for language"
"Battle-of-Algiers,-The",8.1,
"Battle-of-Shaker-Heights,-The",6.1,Rated PG-13 for language and some drug references
Bean,6.4,Rated PG-13 for moments of risque humor
Beasts-of-the-Southern-Wild,7.3,"Rated PG-13 for thematic material including child imperilment, some disturbing images, language and brief sensuality"
Beavis-and-Butt-head-Do-America,6.8,"Rated PG-13 for continuous crude sex-related humor and language, and for a drug-related scene"
Beginners,7.2,Rated R for language and some sexual content
Being-Human,7.8,
Being-John-Malkovic,7.8,Rated R for language and sexuality
Being-There,8.0,
"Believer,-The",7.2,"Rated R for strong violence, language and some sexual content"
Beloved,5.9,"Rated R for violent images, sexuality and nudity"
Benny-&-Joon,7.2,"Rated PG for theme, a scene of mild sensuality and one use of harsh language"
"Best-Exotic-Marigold-Hotel,-The",7.3,Rated PG-13 for sexual content and language
"Big-Blue,-The",7.6,
Big-Fis,8.0,"Rated PG-13 for a fight scene, some images of nudity and a suggestive reference"
"Big-Lebowski,-The",8.2,"Rated R for pervasive strong language, drug content, sexuality and brief violence"
"Big-White,-The",6.4,Rated R for language including sexual references and some violence
Big,7.3,
"Birds,-The",7.7,
Birthday-Gir,6.1,Rated R for sexuality and language
"Black-Dahlia,-The",5.6,"Rated R for strong violence, some grisly images, sexual content and language"
Black-Rain,6.6,
Black-Snake-Moan,7.0,"Rated R for strong sexual content, language, some violence and drug use"
Black-Swan,8.0,"Rated R for strong sexual content, disturbing violent images, language and some drug use"
Blade-Runner,8.2,Rated R for violence and brief nudity (Definitive Cut)
Blade-Trinity,5.9,"Rated R for strong pervasive violence and language, and some sexual content"
Blade,7.1,"Rated R for strong, pervasive vampire violence and gore, language, and brief sexuality"
"Blast-from-the-Past,-The",6.6,"Rated PG-13 for brief language, sex and drug references"
"Blind-Side,-The",7.7,"Rated PG-13 for one scene involving brief violence, drug and sexual references"
"Bling-Ring,-The",5.6,"Rated R for teen drug and alcohol use, and for language including some brief sexual references"
Blood-and-Wine,6.1,Rated R for violence and language
Blood-Simple,7.7,
Blow,7.6,"Rated R for pervasive drug content and language, some violence and sexuality"
Blue-Valentine,7.4,"Rated R on appeal for strong graphic sexual content, language, and a beating (re-rating on appeal)"
Blue-Velve,7.8,
"Bodies,-Rest-&-Motion",5.6,Rated R for language and sexuality
Body-Hea,7.4,
Body-of-Evidence,4.3,"Rated R for violence, language and a scene of sexuality"
Bodyguard,6.1,Rated R for language
Bonfire-of-the-Vanities,5.5,Rated R for language
Bonnie-and-Clyde,7.9,Rated R for violence (re-rating) (2007)
Boogie-Nights,7.9,"Rated R for strong sex scenes with explicit dialogue, nudity, drug use, language and violence"
"Book-of-Eli,-The",6.9,Rated R for some brutal violence and language
"Boondock-Saints,-The",7.9,"Rated R for strong violence, language and sexual content (edited for re-rating after appeal)"
Boondock-Saints-2-All-Saints-Day,6.3,"Rated R for bloody violence, language and some nudity"
Bound,7.4,"Rated R for strong sexuality, violence and language"
"Bounty-Hunter,-The",3.8,"Rated R for language, violence and some sexuality/nudity"
"Bourne-Identity,-The",7.9,Rated PG-13 for violence and some language
"Bourne-Supremacy,-The",7.8,"Rated PG-13 for violence and intense action, and for brief language"
"Bourne-Ultimatum,-The",8.1,Rated PG-13 for violence and intense sequences of action
"Box,-The",5.6,"Rated PG-13 for thematic elements, some violence and disturbing images"
Bravehear,8.4,Rated R for brutal medieval warfare
Break,8.5,
Breakdown,6.9,Rated R for strong violence/terror and language
"Breakfast-Club,-The",7.9,
Breaking-Away,7.7,
Brick,6.3,"Rated PG for sequences of action and scary images, and brief mild language"
Bridesmaids,6.8,"Rated R for some strong sexuality, and language throughout"
Bringing-Out-the-Dead,6.8,"Rated R for gritty violent content, drug use and language"
Broadcast-News,7.2,
Broken-Arrow,6.0,Rated R for strong action violence and language
Broken-Embraces,7.2,"Rated R for sexual content, language and some drug material"
"Brothers-Bloom,-The",6.8,"Rated PG-13 for violence, some sensuality and brief strong language"
Bruce-Almighty,6.7,"Rated PG-13 for language, sexual content and some crude humor"
Bull-Durha,7.1,
Buried,7.0,Rated R for language and some violent content
Burlesque,6.4,"Rated PG-13 for sexual content including several suggestive dance routines, partial nudity, language and some thematic material"
Burn-After-Reading,7.0,"Rated R for pervasive language, some sexual content and violence"
Burning-Annie,5.6,
"Butterfly-Effect,-The",7.7,"Rated R for violence, sexual content, language and brief drug use"
Cable-Guy,6.0,Rated PG-13 for dark thematic elements and crude humor
Candle-to-Water,5.7,
Capote,7.4,Rated R for some violent images and brief strong language
Carrie,7.4,
Cars-2,6.3,
Case-39,6.2,Rated R for violence and terror including disturbing images
Casino,8.2,"Rated R for strong brutal violence, pervasive strong language, drug use and some sexuality"
Cast-Away,,
Catch-Me-If-You-Can,8.0,Rated PG-13 for some sexual content and brief language
Catwoman,3.3,Rated PG-13 for action violence and some sensuality
Cecil-B.-Demented,6.2,"Rated R for strong crude sexual content, violence, language and drug use"
Cedar-Rapids,6.3,"Rated R for crude and sexual content, language and drug use"
Celeste-&-Jesse-Forever,6.6,"Rated R for language, sexual content and drug use"
"Cell,-The",6.3,"Rated R for bizarre violence and sexual images, nudity and language"
Cellular,6.5,"Rated PG-13 for violence, terror situations, language and some sexual references"
"Change-Up,-The",6.3,"Rated R for pervasive strong crude sexual content and language, some graphic nudity and drug use"
Changeling,7.8,"Rated R for some violent and disturbing content, and language"
Chaos,6.5,Rated R for violence and language
Charade,8.0,
Charlie's-Angels,5.5,"Rated PG-13 for action violence, innuendo and some sensuality/nudity"
Chasing-Amy,7.3,"Rated R for strong graphic sex-related dialogue, language, sexuality and drug content"
Chasing-Sleep,6.4,"Rated R for language, violence, some sexuality and drug content"
Cherry-Falls,5.1,"Rated R for strong violence/gore, teen sexuality, language and some drug content"
Chinatown,8.2,
Christ-Complex,6.7,
Chronicle,7.1,"Rated PG-13 for intense action and violence, thematic material, some language, sexual content and teen drinking"
"Chronicles-of-Narnia-The-Lion,-the-Witch-and-the-Wardrobe",6.9,Rated PG for battle sequences and frightening moments
"Cider-House-Rules,-The",7.4,"Rated PG-13 for mature thematic elements, sexuality, nudity, substance abuse and some violence"
"Cincinnati-Kid,-The",7.3,
Cinema-Paradiso,8.5,Rated R for some sexuality (director's cut) (2002)
Cirque-du-Freak-The-Vampire's-Assistan,5.9,"Rated PG-13 for sequences of intense supernatural violence and action, disturbing images, thematic elements and some language"
Citizen-Kane,8.4,
City-of-Joy,6.4,Rated PG-13 for scenes of brief strong violence
Clash-of-the-Titans,5.8,"Rated PG-13 for fantasy action violence, some frightening images and brief sensuality"
Clerks,7.8,Rated R on appeal for extensive use of extremely explicit sex-related dialogue (re-rating on appeal)
Cliffhanger,6.4,Rated R for violence and language
Cobb,6.5,"Rated R for strong language, and for scenes of nudity and violent behavior"
Code-of-Silence,6.0,
Cold-Mountain,7.2,Rated R for violence and sexuality
Collatera,6.6,Rated PG-13 for thematic elements and brief strong language
Collateral-Damage,5.5,Rated R for violence and some language
Colombiana,6.4,"Rated PG-13 for violence, disturbing images, intense sequences of action, sexuality and brief strong language"
Color-of-Nig,5.1,"Rated R for strong sexuality, violence and language"
Commando,6.7,
Conan-the-Barbarian,5.2,"Rated R for strong bloody violence, some sexuality and nudity"
Confessions-of-a-Dangerous-Mind,7.1,"Rated R for language, sexual content and violence"
Confidence,6.7,"Rated R for language, violence and sexuality/nudity"
Constantine,6.9,Rated R for violence and demonic images
"Cooler,-The",7.0,"Rated R for strong sexuality, violence, language and some drug use (edited for re-rating)"
Coraline,7.7,"Rated PG for thematic elements, scary images, some language and suggestive humor"
Coriolanus,6.2,Rated R for some bloody violence
Cowboys-&-Aliens,6.0,"Rated PG-13 for intense sequences of western and sci-fi action and violence, some partial nudity and a brief crude reference"
Cradle-2-the-Grave,5.8,"Rated R for violence, language and some sexual content"
Crank,7.0,"Rated R for strong violence, pervasive language, sexuality, nudity and drug use"
Cras,7.8,"Rated R for language, sexual content and some violence"
"Crazy,-Stupid,-Love",7.4,"Rated PG-13 for coarse humor, sexual content and language"
Crazylove,6.3,
Creation,6.7,Rated PG-13 for some intense thematic material
Crime-Spree,6.6,"Rated R for language, some violence, sexuality and drug use"
"Croods,-The",7.2,Rated PG for some scary action
"Crouching-Tiger,-Hidden-Dragon",7.9,Rated PG-13 for martial arts violence and some sexuality
Croupier,7.2,
"Crow,-The",7.6,"Rated R for a great amount of strong violence and language, and for drug use and some sexuality"
"Crow-City-of-Angels,-The",4.5,"Rated R for strong violence, drug content, language and sexuality"
Cruel-Intentions,6.9,"Rated R for strong sexual dialogue and sexual situations involving teens, language and drug use"
Crying-Game,7.3,"Rated R for sexuality, strong violence and language"
"Curious-Case-of-Benjamin-Button,-The",7.8,"Rated PG-13 for brief war violence, sexual content, language and smoking"
Custody,7.6,
"Damned-United,-The",7.6,Rated R for language
Dances-with-Wolves,8.0,
Dark-City,7.7,Rated R for violent images and some sexuality
"Dark-Knight-Rises,-The",8.5,"Rated PG-13 for intense sequences of violence and action, some sensuality and language"
Dark-Star,6.5,
Darkman,6.4,
Date-Nig,6.3,"Rated PG-13 for sexual and crude content throughout, language, some violence and a drug reference"
Dave-Barry's-Complete-Guide-to-Guys,4.4,Rated PG-13 for some sexual humor
Dawn-of-the-Dead,7.4,"Rated R for pervasive strong horror violence and gore, language and sexuality (Certificate No. 40662)"
Day-of-the-Dead,7.2,
"Day-the-Clown-Cried,-The",,
"Day-the-Earth-Stood-Still,-The",5.5,Rated PG-13 for some sci-fi disaster images and violence
Days-of-Heaven,8.0,
Dead-Poets-Society,8.0,
Death-at-a-Funera,7.4,Rated R for language and drug content (certificate # 43149)
Death-to-Smoochy,6.4,Rated R for language and sexual references
"Debt,-The",6.9,Rated R for some violence and language
Deception,7.8,Rated R for some sexuality and graphic nudity
Deep-Cover,6.9,"Rated R for violence, language, drug use and sensuality"
Deep-Rising,6.0,Rated R for sci-fi violence and gore
"Deer-Hunter,-The",8.2,
Defiance,7.0,
"Departed,-The",8.5,"Rated R for strong brutal violence, pervasive language, some strong sexual content and drug material"
"Descendants,-The",,
Despicable-Me-2,7.7,Rated PG for rude humor and mild action
Detroit-Rock-City,6.8,"Rated R for strong language, drug use and sex-related content"
Devil's-Advocate,7.5,"Rated R for sexuality, nudity, violence and language"
Devil-in-a-Blue-Dress,6.7,"Rated R for violence, sexuality and language"
Die-Hard-2,7.1,
Die-Hard,8.2,
Diner,7.2,
"Distinguished-Gentleman,-The",5.8,Rated R for language and a scene of sexuality
Disturbia,6.9,"Rated PG-13 on appeal for sequences of terror and violence, and some sensuality (re-rating on appeal)"
Django-Unchained,8.4,"Rated R for strong graphic violence throughout, a vicious fight, language and some nudity"
Do-The-Right-Thing,7.9,
Dog-Day-Afternoon,8.0,
Dogma,7.4,"Rated R for strong language including sex-related dialogue, violence, crude humor and some drug content"
Donnie-Brasco,7.8,"Rated R for some strong graphic violence, pervasive strong language and brief nudity and sexuality"
"Doors,-The",7.2,"Rated R for heavy drug content, and for strong sexuality and language"
Double-Indemnity,8.4,
Drag-Me-to-He,6.6,"Rated PG-13 for sequences of horror violence, terror, disturbing images and language"
Dragonslayer,6.7,
Drive-Angry,5.5,"Rated R for strong brutal violence throughout, grisly images, some graphic sexual content, nudity and pervasive language"
Drive,7.8,"Rated R for strong brutal bloody violence, language and some nudity."
Drop-Dead-Gorgeous,6.5,"Rated PG-13 for irreverent and crude humor, sex-related material and language"
"Dry-White-Season,-A",7.0,
Duck-Soup,8.0,
Dumb-and-Dumber,5.7,"Rated PG-13 for crude and sexual humor, partial nudity, language and some drug references"
Dune,6.6,
E.T,7.9,Rated PG for language and mild thematic elements (20th anniversary edition)
Eagle-Eye,6.6,"Rated PG-13 for intense sequences of action and violence, and for language"
Eastern-Promises,7.7,"Rated R for strong brutal and bloody violence, some graphic sexuality, language and nudity"
Easy-A,7.1,"Rated PG-13 for mature thematic elements involving teen sexuality, language and some drug material"
Ed-TV,6.1,"Rated PG-13 for sex-related situations, partial nudity and crude language"
Ed-Wood,7.9,Rated R for some strong language
Edward-Scissorhands,7.9,
Eight-Legged-Freaks,5.4,"Rated PG-13 for sci-fi violence, brief sexuality and language"
El-Mariachi,6.9,Rated R for strong violence (Approval No. 31967)
Election,7.3,"Rated R for strong sexuality, sex-related dialogue and language, and a scene of drug use"
"Elephant-Man,-The",8.2,
Elizabeth-The-Golden-Age,6.9,"Rated PG-13 for violence, some sexuality and nudity"
Enoug,7.1,"Rated PG-13 for crude and sexual content, comic violence, language and partial nudity"
Entrapmen,6.2,"Rated PG-13 for some language, sensuality, violence and drug content"
Erik-the-Viking,6.2,
Erin-Brockovic,7.3,Rated R for language
Escape-From-L.A,5.7,Rated R for violence and some language
Escape-From-New-York,7.2,
Eternal-Sunshine-of-the-Spotless-Mind,8.3,"Rated R for language, some drug and sexual content"
Even-Cowgirls-Get-the-Blues,4.3,Rated R for sexuality and some language
Event-Horizon,6.7,"Rated R for strong violence and gore, language and some nudity"
Evil-Dead-II-Dead-by-Dawn,,
Evil-Dead,6.5,"Rated R for strong bloody violence and gore, some sexual content and language"
Excalibur,7.4,
eXistenZ,6.8,"Rated R for strong sci-fi violence and gore, and for language"
Extrac,3.9,"Rated R for violence, language throughout and brief sexual content/nudity"
"Fabulous-Baker-Boys,-The",6.8,
Face-Off,5.7,
Fair-Game,6.8,Rated PG-13 for some language
"Family-Man,-The",6.7,Rated PG-13 for sensuality and some language
Fantastic-Four,4.3,"Rated PG-13 for sci-fi action violence, and language"
Fantastic-Mr-Fox,7.8,"Rated PG for action, smoking and slang humor"
Fargo,9.0,
Fast-Times-at-Ridgemont-Hig,7.2,
Fatal-Instinc,5.7,Rated PG-13 for off-color humor
"Fault-in-Our-Stars,-The",7.8,"Rated PG-13 for thematic elements, some sexuality and brief strong language"
Fear-and-Loathing-in-Las-Vegas,7.7,"Rated R for pervasive extreme drug use and related bizarre behavior, strong language, and brief nudity (certificate no. 35894)"
Feas,6.4,"Rated R for pervasive strong creature violence and gore, language, some sexuality and drug content"
Ferris-Bueller's-Day-Off,7.8,
Field-of-Dreams,7.5,
"Fifth-Element,-The",7.7,"Rated PG-13 for intense sci-fi violence, some sexuality and brief nudity"
Fight-Club,8.8,"Rated R for disturbing and graphic depiction of violent anti-social behavior, sexuality and language"
"Fighter,-The",7.9,"Rated R for language throughout, drug content, some violence and sexuality"
Final-Destination-2,6.2,"Rated R for strong violent/gruesome accidents, language, drug content and some nudity"
Final-Destination,6.7,"Rated R for violence and terror, and for language"
Finding-Nemo,8.1,
Five-Easy-Pieces,7.5,
Flash-Gordon,6.5,
Fletc,6.9,
Flig,7.3,"Rated R for drug and alcohol abuse, language, sexuality/nudity and an intense action sequence"
"Flintstones,-The",4.8,Rated PG for some mild innuendos
Forrest-Gump,8.8,"Rated PG-13 for drug content, some sensuality and war violence"
Four-Feathers,6.5,"Rated PG-13 for intense battle sequences, disturbing images, violence and some sensuality (edited for re-rating)"
Four-Rooms,6.7,"Rated R for pervasive strong language, sexuality and some drug use"
Foxcatcher,7.0,Rated R for some drug use and a scene of violence
Fracture,7.2,Rated R for language and some violent content
Frances,7.4,
Frankenstein,6.0,"Rated PG-13 for macabre images, violence and a sequence of destruction"
Freaked,6.2,"Rated PG-13 for language, some sexual situations and bizarre humor"
Freddy-vs.-Jason,5.8,"Rated R for pervasive strong horror violence/gore, gruesome images, sexuality, drug use and language"
"French-Connection,-The",7.8,
Friday-the-13,,
Friday-the-13th-Part-VIII-Jason-Takes-Manhattan,4.6,
Fright-Nig,6.4,"Rated R for bloody horror violence, and language including some sexual references"
Fright-Night-(1985),,
From-Dusk-Till-Dawn,7.3,"Rated R for strong violence and gore, language and nudity"
From-Here-to-Eternity,7.8,
Frozen-(Disney),5.3,
Frozen-River,7.2,Rated R for some language
Frozen,7.5,Rated PG for some action and mild rude humor
Fruitvale-Station,7.5,"Rated R for some violence, language throughout and some drug use"
"Fugitive,-The",7.8,Rated PG-13 for a murder and other action sequences in an adventure setting
Funny-People,6.4,"Rated R for language and crude sexual humor throughout, and some sexuality"
G.I.-Jane,5.9,Rated R for language and combat violence
G.I.-Joe-The-Rise-of-Cobra,5.8,Rated PG-13 for strong sequences of action violence and mayhem throughout
"Game,-The",9.5,
Game-6,9.5,
Gamer,5.8,"Rated R for frenetic sequences of strong brutal violence throughout, sexual content, nudity and language"
Gandhi,8.1,
Gang-Related,7.6,
Gangs-of-New-York,7.5,"Rated R for intense strong violence, sexuality/nudity and language"
Garden-State,7.6,"Rated R for language, drug use and a scene of sexuality"
Gattaca,7.8,"Rated PG-13 for brief violent images, language, and some sexuality"
Get-Carter,5.1,"Rated R for violence, language, some sexuality and drug content"
Get-Low,7.1,Rated PG-13 for some thematic material and brief violent content
Get-Shorty,6.9,Rated R for language and some violence
"Getaway,-The",7.5,
Ghos,,
"Ghost-and-the-Darkness,-The",6.8,Rated R for some violence and gore involving animal attacks
Ghost-Rider,5.2,Rated PG-13 for horror violence and disturbing images
Ghost-Ship,5.5,"Rated R for strong violence/gore, language and sexuality"
Ghost-World,7.4,Rated R for strong language and some sexual content
Ghostbusters-2,5.4,Rated PG-13 for supernatural action and some crude humor
Ghostbusters,5.4,Rated PG-13 for supernatural action and some crude humor
Ginger-Snaps,6.8,
"Girl-with-the-Dragon-Tattoo,-The",7.8,"Rated R for brutal violent content including rape and torture, strong sexuality, graphic nudity, and language"
Gladiator,8.5,"Rated R for intense, graphic combat"
Glengarry-Glen-Gross,7.8,Rated R for language
Go,7.3,"Rated R for strong drug content, sexuality, language and some violence"
Godfather-Part-II,9.0,
"Godfather-Part-III,-The",7.6,Rated R for violence and language
Godfather,9.2,
Gods-and-Monsters,7.5,Rated R for sexual material and language
Godzilla,6.5,"Rated PG-13 for intense sequences of destruction, mayhem and creature violence"
Gone-in-60-Seconds,6.5,
"Good-Girl,-The",6.5,"Rated R for sexuality, some language and drug content"
Good-Will-Hunting,8.3,"Rated R for strong language, including some sex-related dialogue"
Gothika,5.8,"Rated R for violence, brief language and nudity"
"Graduate,-The",8.0,
Gran-Torino,8.2,"Rated R for language throughout, and some violence"
Grand-Hote,7.6,
Grand-Theft-Parsons,6.1,Rated PG-13 for drug references and some language
"Grapes-of-Wrath,-The",8.1,
Gravity,7.8,"Rated PG-13 for intense perilous sequences, some disturbing images and brief strong language"
"Green-Mile,-The",8.5,"Rated R for violence, language and some sex-related material"
Gremlins-2,7.2,
Gremlins,7.2,
"Grifters,-The",7.0,
Grosse-Point-Blank,7.4,"Rated R for strong violence, language and some drug content"
Groundhog-Day,8.0,Rated PG for some thematic elements
"Grudge,-The",5.9,"Rated PG-13 for mature thematic material, disturbing images/terror/violence, and some sensuality"
Hackers,6.2,Rated PG-13 for some sexuality and brief strong language
Hall-Pass,5.9,"Rated R for crude and sexual humor throughout, language, some graphic nudity and drug use"
Halloween-The-Curse-of-Michael-Myers,4.9,"Rated R for strong horror violence, and some sexuality"
Hancock,6.4,"Rated PG-13 for some intense sequences of sci-fi action and violence, and language (edited for re-rating)"
"Hangover,-The",7.8,"Rated R for pervasive language, sexual content including nudity, and some drug material"
Hanna,6.8,"Rated PG-13 for intense sequences of violence and action, some sexual material and language"
Hannah-and-Her-Sisters,8.0,
Hanniba,8.6,
"Happy-Birthday,-Wanda-June",6.1,
Happy-Fee,6.5,Rated PG for some mild peril and rude humor
Hard-Rain,5.8,Rated R for violence
Hard-to-Ki,5.7,
Harold-and-Kumar-Go-to-White-Castle,7.1,"Rated R for strong language, sexual content, drug use and some crude humor (certificate no. 40416)"
"Haunting,-The",8.0,
He's-Just-Not-That-Into-You,6.4,Rated PG-13 for sexual content and brief strong language
Hea,7.4,"Rated R for violence, sexuality, nudity, language and brief drug use"
Heathers,7.3,
Heavenly-Creatures,7.4,Rated R for a chilling murder and some sexuality
"Hebrew-Hammer,-The",6.2,"Rated R for language, some sexual references and drug use"
Heis,6.1,"Rated R for violence, pervasive language and some sexual content"
Hellbound-Hellraiser-II,6.5,
Hellboy-2-The-Golden-Army,7.0,"Rated PG-13 for sequences of sci-fi action and violence, and some language"
Hellboy,6.8,Rated PG-13 for sci-fi action violence and frightening images
Hellraiser-3-Hell-on-Ear,5.4,"Rated R for strong violence and sexuality, and for language"
Hellraiser-Deader,4.6,"Rated R for strong graphic violence, sexual content, language and some drug use"
Hellraiser-Hellseeker,5.1,"Rated R for violence, sexuality and language"
Hellraiser,7.0,
"Help,-The",8.1,Rated PG-13 for thematic material
Henry's-Crime,6.0,Rated R for language
Henry-Foo,7.3,"Rated R for strong sexuality, violence and language"
Hesher,7.1,"Rated R for disturbing violent behavior, sexual content including graphic dialogue, pervasive language, and drug content - some in the presence of a child"
High-Fidelity,7.5,Rated R for language and some sexuality
Highlander-Endgame,4.6,Rated R for violence and some strong sexuality
Highlander,7.2,"Rated R for strong action violence, a scene of sexuality and some language"
"Hills-Have-Eyes,-The",6.4,"Rated R for strong gruesome violence and terror throughout, and for language (edited for re-rating)"
His-Girl-Friday,8.0,
Hitchcock,6.8,"Rated PG-13 for some violent images, sexual content and thematic material"
"Hitchhiker's-Guide-to-the-Galaxy,-The",6.8,"Rated PG for thematic elements, action and mild language"
Hollow-Man,5.7,"Rated R for strong violence, language and some sexuality/nudity"
Honeydripper,6.8,Rated PG-13 for brief violence and some suggestive material
Horrible-Bosses,6.3,Rated R for strong crude sexual content and language throughout
"Horse-Whisperer,-The",6.6,Rated PG-13 for a disturbing accident scene
"Hospital,-The",6.8,
Hostage,6.6,"Rated R for strong graphic violence, language and some drug use"
Hot-Tub-Time-Machine,6.4,"Rated R for strong crude and sexual content, nudity, drug use and pervasive language"
Hotel-Rwanda,8.1,"Rated PG-13 on appeal for violence, disturbing images and brief strong language (re-rating on appeal)"
House-of-1000-Corpses,6.0,"Rated R for strong sadistic violence/gore, sexuality and language"
How-to-Lose-Friends-&-Alienate-People,6.5,"Rated R for language, some graphic nudity and brief drug material"
How-to-Train-Your-Dragon-2,7.9,Rated PG for adventure action and some mild rude  humor
How-to-Train-Your-Dragon,8.2,"Rated PG for sequences of intense action and some scary images, and brief mild language"
Hudson-Hawk,5.7,Rated R for language
"Hudsucker-Proxy,-The",7.3,Rated PG for mild language and thematic elements
Human-Nature,6.4,Rated R for sexuality/nudity and language
"Hunt-for-Red-October,-The",7.6,
I'll-Do-Anything,5.6,Rated PG-13 for sexual language and situations (edited for re-rating)
"I,-Robo",8.7,
I-Am-Number-Four,6.1,"Rated PG-13 for intense sequences of violence and action, and for language"
I-am-Sa,7.6,Rated PG-13 for language
I-Love-You-Phillip-Morris,6.6,"Rated R for sexual content including strong dialogue, and language"
I-Spit-on-Your-Grave,6.3,"Rated R for pervasive strong sadistic brutal violence, rape and torture, nudity and language"
I-Still-Know-What-You-Did-Last-Summer,4.6,"Rated R for intense terror violence and gore, strong language and some drug use"
"Ice-Storm,-The",7.5,"Rated R for sexuality and drug use, including scenes involving children, and for language"
"Ides-of-March,-The",7.1,Rated R for pervasive language
"Imaginarium-of-Doctor-Parnassus,-The",6.8,"Rated PG-13 for violent images, some sensuality, language and smoking"
In-the-Bedroo,7.5,Rated R for some violence and language
In-the-Loop,7.5,
Inception,8.8,Rated PG-13 for sequences of violence and action throughout
"Incredibles,-The",8.0,Rated PG for action violence (certificate 39772) (on print)
Indiana-Jones-and-the-Last-Crusade,8.3,
Indiana-Jones-and-the-Raiders-of-the-Lost-Ark,7.4,
Indiana-Jones-and-the-Temple-of-Doo,7.6,
Indiana-Jones-IV,,
"Informant,-The",6.5,Rated R for language
Inglourious-Basterds,8.3,"Rated R for strong graphic violence, language and brief sexuality"
"Insider,-The",7.9,Rated R for language
Insidious,6.8,"Rated PG-13 for thematic material, violence, terror and frightening images, and brief strong language"
Insomnia,7.2,"Rated R for language, some violence and brief nudity"
Interstellar,8.6,Rated PG-13 for some intense perilous action and brief strong language. (Approved No. 49218)
Interview-with-the-Vampire,,
Into-the-Wild,8.2,Rated R for language and some nudity
Intolerable-Cruelty,6.3,"Rated PG-13 for sexual content, language and brief violence"
Inventing-the-Abbotts,6.4,Rated R for sexuality and language
"Invention-of-Lying,-The",6.4,Rated PG-13 for language including some sexual material and a drug reference
Invictus,7.4,Rated PG-13 for brief strong language
"Iron-Lady,-The",6.4,Rated PG-13 for some violent images and brief nudity
"Island,-The",,"Rated PG-13 for intense sequences of sci-fi violence and action, and for brief strong language."
It's-a-Wonderful-Life,8.6,"Rated PG for thematic elements, smoking and some violence (2012)"
It's-Complicated,6.6,Rated R for some drug content and sexuality
It-Happened-One-Nig,8.2,
"Italian-Job,-The",7.0,Rated PG-13 for violence and some language
"Jacket,-The",7.1,"Rated R for violence, language and brief sexuality/nudity"
Jackie-Brown,7.5,"Rated R for strong language, some violence, drug use and sexuality"
Jacob's-Ladder,7.5,
Jane-Eyre,7.4,Rated PG-13 for some thematic elements including a nude image and brief violent content
Jason-X,4.4,"Rated R for strong horror violence, language and some sexuality"
Jaws-2,5.7,
Jaws,8.0,
Jay-and-Silent-Bob-Strike-Back,6.9,"Rated R for nonstop crude and sexual humor, pervasive strong language, and drug content"
Jennifer's-Body,5.1,"Rated R for sexuality, bloody violence, language and brief drug use"
Jennifer-Eig,5.1,"Rated R for sexuality, bloody violence, language and brief drug use"
Jerry-Maguire,7.3,Rated R for language and sexuality
Jeux-Interdits,,
JFK,8.0,Rated R for language
Jimmy-and-Judy,6.2,"Rated R for strong sexuality, nudity, violence, drug content and language"
John-Q,7.0,"Rated PG-13 for violence, language and intense thematic elements"
Judge-Dredd,5.5,Rated R for continuous violent action
Juno,7.5,"Rated PG-13 for mature thematic material, sexual content and language"
Jurassic-Park-III,5.9,Rated PG-13 for intense sci-fi terror and violence
Jurassic-Park-The-Lost-World,6.5,Rated PG-13 for intense sci-fi terror and violence
Jurassic-Park,8.1,Rated PG-13 for intense science fiction terror
Kafka,7.0,
Kalifornia,6.7,"Rated R for strong violence, and for sexuality and language"
Kate-&-Leopold,6.4,Rated PG-13 for brief strong language
"Kids-Are-All-Right,-The",7.1,"Rated R for strong sexual content, nudity, language and some teen drug and alcohol use"
Kids,7.0,
Kill-Bill-Volume-1-&-2,7.4,
Killing-Zoe,6.5,"Rated R for strong violence and language, plentiful drug use and a sex scene"
"King's-Speech,-The",8.0,Rated R for some language
King-Kong,8.0,
"King-of-Comedy,-The",7.3,
"Kingdom,-The",8.4,
Klute,7.2,
Knocked-Up,7.0,"Rated R for sexual content, drug use and language"
Kramer-vs-Kramer,7.8,
Kundun,7.0,Rated PG-13 for violent images
Kung-Fu-Panda,7.2,Rated PG for martial arts action and some mild rude humor
L.A.-Confidentia,8.3,"Rated R for strong violence and language, and for sexuality"
Labor-of-Love,,
Labyrin,6.8,"Rated PG-13 for thematic elements and intense sequences of sci-fi violence and action, including some disturbing images"
"Ladykillers,-The",6.2,Rated R for language including sexual references
Lake-Placid,5.6,"Rated R for violent creature attacks and related gore, and for language"
Land-of-the-Dead,6.2,"Rated R for pervasive strong violence and gore, language, brief sexuality and some drug use"
Larry-Crowne,6.1,Rated PG-13 for brief strong language and some sexual content
"Last-Boy-Scout,-The",6.9,Rated R for graphic violence and very strong language
Last-Chance-Harvey,6.7,Rated PG-13 for brief strong language
"Last-Flight,-The",5.6,
"Last-of-the-Mohicans,-The",7.8,Rated R for violence
"Last-Samurai,-The",7.7,Rated R for strong violence and battle sequences
"Last-Station,-The",7.0,Rated R for a scene of sexuality/nudity
Last-Tango-in-Paris,7.1,Rated NC-17 for some explicit sexual content (re-rating) (1997)
Law-Abiding-Citizen,7.4,"Rated R for strong bloody brutal violence and torture, a scene of rape, and pervasive language"
Le-Diable-par-la-Queue,6.8,
Legally-Blonde,6.2,Rated PG-13 for language and sexual references
Legend,7.0,"Rated R for strong violence, language throughout, some sexual and drug material"
Legion,,
Les-Miserables,7.6,"Rated PG-13 for suggestive and sexual material, violence and thematic elements"
Les-Tontons-Flingueurs,,
Leviathan,7.6,Rated R for language and some sexuality/graphic nudity
Liar-Liar,6.8,Rated PG-13 for sex related humor and language
"Life-of-David-Gale,-The",7.6,"Rated R for violent images, nudity, language and sexuality"
Life-of-Pi,7.9,"Rated PG for emotional thematic content throughout, and some scary action sequences and peril"
Life,,
Light-Sleeper,6.8,"Rated R for strong language and drug content, and for violence and a scene of sensuality"
"Limey,-The",7.1,Rated R for violence and language
Limitless,7.8,
"Lincoln-Lawyer,-The",7.3,"Rated R for some violence, sexual content and language"
Lincoln,7.4,"Rated PG-13 for an intense scene of war violence, some images of carnage and brief strong language"
Little-Athens,5.6,"Rated R for drug and sexual content, pervasive language and some violence"
"Little-Mermaid,-The",7.6,
Little-Nicky,5.3,"Rated PG-13 for crude sexual humor, some drug content, language and thematic material"
Living-in-Oblivion,7.6,Rated R for strong language
"Lock,-Stock-and-Two-Smoking-Barrels",8.2,"Rated R for strong violence, pervasive language, sexuality and drug content"
Logan's-Run,6.8,
Lone-Star,,
"Long-Kiss-Goodnight,-The",6.7,"Rated R for a substantial amount of strong bloody violence, and for strong language"
Looper,7.4,"Rated R for strong violence, language, some sexuality/nudity and drug content"
Lord-of-Illusions,6.0,"Rated R for strong violence and gore, and for language and sexuality"
"Lord-of-the-Rings-Fellowship-of-the-Ring,-The",8.8,Rated PG-13 for epic battle sequences and some scary images
Lord-of-the-Rings-Return-of-the-King,8.9,Rated PG-13 for intense epic battle sequences and frightening images
Lord-of-the-Rings-The-Two-Towers,8.7,Rated PG-13 for epic battle sequences and scary images
Lord-of-War,7.6,"Rated R for strong violence, drug use, language and sexuality"
"Losers,-The",6.4,"Rated PG-13 for sequences of intense action and violence, a scene of sensuality and language"
Lost-Highway,7.6,"Rated R for bizarre violent and sexual content, and for strong language"
Lost-Horizon,7.8,
Lost-in-Space,5.1,Rated PG-13 for some intense sci-fi action
Lost-in-Translation,7.8,Rated R for some sexual content
Love-and-Basketba,,
Machete,6.7,"Rated R for strong bloody violence throughout, language, some sexual content and nudity"
Machine-Gun-Preacher,6.8,"Rated R for violent content including disturbing images, language, some drug use and a scene of sexuality"
Mad-Max-2-The-Road-Warrior,7.9,
Made,6.4,"Rated R for pervasive language, some drug use and sexuality"
Magnolia,8.0,"Rated R for strong language, drug use, sexuality and some violence"
"Majestic,-The-(The-Bijou)",6.9,Rated PG for language and mild thematic elements
Major-League,7.2,
Malcolm-X,7.7,"Rated PG-13 for a scene of violence, and for drugs and some language"
Malibu's-Most-Wanted,5.1,"Rated PG-13 for sexual humor, language and violence"
Man-in-the-Iron-Mask,6.5,Rated PG-13 for sequences of violence and some sensuality/nudity
Man-On-Fire,7.7,Rated R for language and strong violence
Man-on-the-Moon,7.4,Rated R for language and brief sexuality/nudity
Man-Trouble,4.6,Rated PG-13 for language and sensuality (MPAA certificate # 31574)
"Man-Who-Knew-Too-Much,-The",7.5,
"Man-Who-Wasn't-There,-The",7.6,Rated R for a scene of violence
"Manchurian-Candidate,-The",6.6,Rated R for violence and some language
Manhattan-Murder-Mystery,7.4,"Rated PG for mild language, and for elements of violence in a comic murder mystery"
Manhunter,7.2,
Margare,6.5,"Rated R for strong language, sexuality, some drug use and disturbing images"
Margin-Ca,7.1,Rated R for language
Margot-at-the-Wedding,6.1,Rated R for sexual content and language
"Mariachi,-E",6.9,Rated R for strong violence (Approval No. 31967)
Marley-&-Me,7.1,"Rated PG for thematic material, some suggestive content and language"
Martha-Marcy-May-Marlene,6.9,"Rated R for disturbing violent and sexual content, nudity and language"
Marty,7.7,
"Mask,-The",6.9,Rated PG-13 for some stylized violence
"Master,-The",5.8,"Rated PG-13 for crude and sexual humor, some language and violence"
Master-and-Commander,7.4,"Rated PG-13 for intense battle sequences, related images, and brief language"
"Matrix,-The",8.7,Rated R for sci-fi violence and brief language
"Matrix-Reloaded,-The",7.2,Rated R for sci-fi violence and some sexuality
Max-Payne,5.4,"Rated PG-13 for violence including intense shooting sequences, drug content, some sexuality and brief strong language"
Mean-Streets,7.4,
"Mechanic,-The",6.6,"Rated R for strong brutal violence throughout, language, some sexual content and nudity"
Meet-Joe-Black,7.1,"Rated PG-13 for an accident scene, some sexuality and brief strong language"
Meet-John-Doe,7.7,
Megamind,7.3,Rated PG for action and some language
Memento,8.5,"Rated R for violence, language and some drug content"
Men-in-Black-3,6.8,"Rated PG-13 for sci-fi action violence, and brief suggestive content"
Men-in-Black,6.8,"Rated PG-13 for sci-fi action violence, and brief suggestive content"
"Men-Who-Stare-at-Goats,-The",6.2,"Rated R for language, some drug content and brief nudity"
Metro,5.5,Rated R for strong violence and language
Miami-Vice,7.5,
Midnight-Cowboy,7.9,
Midnight-Express,7.7,
Midnight-in-Paris,7.7,Rated PG-13 for some sexual references and smoking
Mighty-Morphin-Power-Rangers-The-Movie,6.4,
Milk,7.6,"Rated R for language, some sexual content and brief violence"
Miller's-Crossing,7.9,
Mimic,5.9,Rated R for terror/violence and language
Mini's-First-Time,5.9,"Rated R for strong sexual content, language, drug use and a scene of violence"
"Miracle-Worker,-The",8.1,
Mirrors,6.2,"Rated R for strong violence, disturbing images, language and brief nudity"
Misery,7.8,
Mission-Impossible-II,6.1,Rated PG-13 for intense sequences of violent action and some sensuality
Mission-Impossible,7.1,Rated PG-13 for some intense action violence
Mission-to-Mars,5.6,Rated PG for sci-fi violence and mild language
Moneyba,7.6,Rated PG-13 for some strong language
Monkeybone,4.7,Rated PG-13 for crude humor and some nudity
Monte-Carlo,6.9,
Moon,7.9,Rated R for language
Moonrise-Kingdo,7.8,Rated PG-13 for sexual content and smoking
Moonstruck,7.1,
Mr-Blandings-Builds-His-Dream-House,7.4,
Mr-Brooks,7.4,"Rated R for strong bloody violence, some graphic sexual content, nudity and language"
Mr-Deeds-Goes-to-Town,8.0,
Mrs.-Brown,7.3,"Rated PG for a beating, language and brief nudity"
Mud,7.4,"Rated PG-13 for some violence, sexual references, language, thematic elements and smoking"
Mulan,7.5,
Mulholland-Drive,8.0,"Rated R for violence, language and some strong sexuality"
Mumford,6.9,"Rated R for sex-related images, language and drug content (as No. 36579)"
"Mummy,-The",,
Music-of-the-Hear,6.8,Rated PG for brief mild language and sensuality
Mute-Witness,6.8,Rated R for violence and a strong scene combining sex and violence
My-Best-Friend's-Wedding,6.3,Rated PG-13 on appeal for one use of strong language and brief sex-related humor
My-Gir,6.8,
My-Mother-Dreams-the-Satan's-Disciples-in-New-York,7.2,
My-Week-with-Marilyn,7.0,Rated R for some language
Napoleon-Dynamite,6.9,Rated PG for thematic elements and language (certificate no. 40773)
Nashville,7.7,
Natural-Born-Killers,7.3,"Rated R for extreme violence and graphic carnage, for shocking images, and for strong language and sexuality"
Never-Been-Kissed,6.0,Rated PG-13 for sex-related material and some drug content
New-York-Minute,4.8,Rated PG for mild sensuality and thematic elements
Newsies,6.9,Rated PG for mild violence
Nex,7.4,"Rated PG-13 for violence, drug material, language, some sexuality and thematic elements"
Next-Friday,6.1,"Rated R for strong language, drug use and sexual content"
"Next-Three-Days,-The",7.4,"Rated PG-13 for violence, drug material, language, some sexuality and thematic elements"
Ni-vu-ni-connu,6.3,
Nick-of-Time,6.3,Rated R for violence and language
Night-Time-(The-Poltergeist-Treatment),,
Nightbreed,6.5,
"Nightmare-Before-Christmas,-The",8.0,Rated PG for some scary images
"Nightmare-on-Elm-Street,-A",7.5,
Nightmare-on-Elm-Street-The-Final-Chapter,,
Nine,5.8,Rated PG-13 for sexual content and smoking
"Nines,-The",8.3,
Ninja-Assassin,6.4,"Rated R for strong bloody stylized violence throughout, and language"
Ninotchka,8.0,
No-Strings-Attached,6.2,"Rated R for sexual content, language and some drug material"
Notting-Hi,4.6,
O-Brother-Where-Art-Thou%3f,7.8,Rated PG-13 for some violence and language
Oblivion,7.0,"Rated PG-13 for sci-fi action violence, brief strong language, and some sensuality/nudity"
Observe-and-Repor,5.8,"Rated R for pervasive language, graphic nudity, drug use, sexual content and violence"
Obsessed,4.9,"Rated PG-13 for sexual material including some suggestive dialogue, some violence and thematic content"
Ocean's-Eleven,7.8,Rated PG-13 for some language and sexual content
Ocean's-Twelve,6.5,Rated PG-13 for language
Office-Space,7.8,Rated R for language and brief sexuality (Approved No. 36485)
One-Flew-Over-the-Cuckoo's-Nes,8.7,
Only-God-Forgives,5.7,"Rated R for strong bloody violence including grisly images, sexual content and language"
Ordinary-People,7.8,
Orphan,7.0,"Rated R for disturbing violent content, some sexuality and language"
"Other-Boleyn-Girl,-The",6.7,"Rated PG-13 for mature thematic elements, sexual content and some violent images"
Out-of-Sig,7.0,Rated R for language and some strong violence
"Pacifier,-The",5.5,"Rated PG for action violence, language and rude humor"
Pandoru,6.8,Rated R for strong horror violence and language
Panic-Roo,6.8,Rated R for violence and language
Papadopoulos-&-Sons,6.1,
ParaNorman,7.0,"Rated PG for scary action and images, thematic elements, some rude humor and language"
Paria,6.2,
"Passion-of-Joan-of-Arc,-The",8.3,
"Patriot,-The",7.6,"Rated R for violence, realistically graphic injury images, language throughout and some drug use"
Pau,,
Peeping-To,7.7,
Peggy-Sue-Got-Married,6.3,
Perfect-Creature,5.5,"Rated R for violence and gore, and for language"
"Perfect-World,-A",7.5,"Rated PG-13 for violence, sexual content and language (re-rating on appeal)"
"Perks-of-Being-a-Wallflower,-The",8.0,"Rated PG-13 on appeal for mature thematic material, drug and alcohol use, sexual content including references, and a fight - all involving teens"
Pet-Sematary-II,4.7,"Rated R for strong horror violence, and for sexuality and language"
Pet-Sematary,6.6,
Petulia,7.3,
Philadelphia,8.8,
Phone-Boo,7.1,Rated R for pervasive language and some violence
Pi,7.5,Rated R for language and some disturbing images
"Pianist,-The",8.5,Rated R for violence and brief strong language
"Piano,-The",7.6,Rated R for moments of extremely graphic sexuality
Pineapple-Express,7.0,"Rated R for pervasive language, drug use, sexual references and violence"
Pirates-of-the-Caribbean-Dead-Man's-Ches,7.3,"Rated PG-13 for intense sequences of adventure violence, including frightening images"
Pirates-of-the-Caribbean,,
Pitch-Black,8.0,
Platinum-Blonde,6.9,
Pleasantville,7.5,"Rated PG-13 for some thematic elements emphasizing sexuality, and for language"
Point-Break,5.3,"Rated PG-13 for violence, thematic material involving perilous activity, some sexuality, language and drug material"
Pokemon-Mewtwo-Returns,6.5,
"Postman,-The",6.0,Rated R for violence and some sexuality
"Power-of-One,-The",7.2,Rated PG-13 for some areas of strong violence
Precious,7.3,"Rated R for child abuse including sexual assault, and pervasive language"
Predator,,
Pretty-Woman-(final-script),,
Pretty-Woman,6.9,Rated R for sexuality and some language
Pride-and-Prejudice,9.0,
Pries,8.8,"Rated R for disturbing violent content and images, sexual content including an assault, graphic nudity, and language"
"Princess-Bride,-The",8.1,
"Private-Life-of-Sherlock-Holmes,-The",7.2,
"Producer,-The",6.4,Rated PG-13 for sexual humor and references
"Program,-The",6.5,Rated R for language
Prom-Nig,3.9,"Rated PG-13 for violence and terror, some sexual material, underage drinking, and language"
Prometheus,7.0,"Rated R for sci-fi violence including some intense images, and brief language"
"Prophecy,-The",5.4,
"Proposal,-The",6.7,"Rated PG-13 for sexual content, nudity and language"
Psycho,8.5,
Public-Enemies,7.0,Rated R for gangster violence and some language
Pulp-Fiction,8.9,"Rated R for strong graphic violence and drug use, pervasive strong language and some sexuality"
Punch-Drunk-Love,7.3,Rated R for strong language including a scene of sexual dialogue
Purple-Rain,6.5,
Quantum-Projec,6.0,
"Queen,-The",7.2,
Queen-of-the-Damned,5.3,Rated R for vampire violence
Rachel-Getting-Married,6.7,Rated R for language and brief sexuality
Raging-Bu,8.2,
Raising-Arizona,7.4,
Rambling-Rose,6.7,Rated R for sensuality
"Reader,-The",7.6,Rated R for some scenes of sexuality and nudity
Real-Genius,7.0,
Rear-Window,8.5,
Rebel-Without-A-Cause,7.8,Rated PG-13 for some violence and thematic elements (DVD/Blu-Ray Rating)
Red-Plane,5.7,"Rated PG-13 for sci-fi violence, brief nudity and language"
Red-Riding-Hood,5.4,"Rated PG-13 for violence and creature terror, and some sensuality"
Reindeer-Games,5.7,"Rated R for strong violence, language and sexuality"
"Relic,-The",5.7,"Rated R for monster violence and gore, and for language"
Remember-Me,7.2,"Rated PG-13 for violence, sexual content, language and smoking"
"Replacements,-The",6.5,Rated PG-13 for some crude sexual humor and language
Repo-Man,6.9,
"Rescuers-Down-Under,-The",6.9,
Reservoir-Dogs,8.4,Rated R for strong violence and language (certficate #31489)
"Revenant,-The",8.0,"Rated R for strong frontier combat and violence including gory images, a sexual assault, language and brief nudity"
Revolutionary-Road,7.3,Rated R for language and some sexual content/nudity
Ringu,7.3,
Rise-of-the-Guardians,7.3,Rated PG for thematic elements and some mildly scary action
Rise-of-the-Planet-of-the-Apes,7.6,Rated PG-13 for intense and frightening sequences of action and violence
RKO-281,7.1,Rated R for language and some graphic sexual images
"Road,-The",6.5,"Rated R for strong sexual content, crude humor, language and drug use"
Robin-Hood-Prince-of-Thieves,6.9,
"Rock,-The",,
RocknRolla,7.3,"Rated R for pervasive language, violence, drug use and brief sexuality"
"Rocky-Horror-Picture-Show,-The",7.4,
Rocky,8.1,
Romeo-&-Julie,6.8,Rated PG-13 for scenes of contemporary violence and some sensuality
Ronin,7.3,Rated R for strong violence and some language
"Roommate,-The",8.8,
Roughshod,6.7,
"Ruins,-The",5.9,"Rated R for strong violence and gruesome images, language, some sexuality and nudity"
Runaway-Bride,5.5,Rated PG for language and some suggestive dialogue
Rus,6.4,
Rush-Hour-2,6.6,"Rated PG-13 for action violence, language and some sexual material"
Rush-Hour,,
Rushmore,7.7,Rated R for language and brief nudity
Rust-and-Bone,7.5,"Rated R for strong sexual content, brief graphic nudity, some violence and language"
S.-Darko,3.6,"Rated R for language, some violent content and brief drug use"
"Saint,-The",6.4,Rated R for some violence
"Salton-Sea,-The",7.2,"Rated R for strong violence, drug use, language and some sexuality"
"Sandlot-Kids,-The",7.8,Rated PG for some language and kids chewing tobacco (certificate no. 31898)
Save-the-Last-Dance,6.2,"Rated PG-13 for violence, sexual content, language and brief drug references"
Saving-Mr.-Banks,7.5,Rated PG-13 for thematic elements including some unsettling images
Saving-Private-Ryan,8.6,"Rated R for intense prolonged realistically graphic sequences of war violence, and for language"
Saw,7.7,Rated R for strong grisly violence and language (edited for re-rating)
Scarface,8.3,
Schindler's-Lis,8.9,"Rated R for language, some sexuality and actuality violence"
Scott-Pilgrim-vs-the-World,7.5,"Rated PG-13 for stylized violence, sexual content, language and drug references"
Screa,7.2,
Scream-2,6.1,Rated R for language and strong bloody violence
Scream-3,5.5,Rated R for strong horror violence and language
Se7en,8.6,"Rated R for grisly afterviews of horrific and bizarre killings, and for strong language"
"Searchers,-The",8.0,
Semi-Pro,5.8,Rated R for language and some sexual content
Sense-and-Sensibility,7.7,Rated PG for mild thematic elements
Serenity,8.0,"Rated PG-13 for sequences of intense violence and action, and some sexual references"
Serial-Mo,6.7,"Rated R for satirical presentation of strong violence, vulgar language, and sexual episodes"
"Sessions,-The",7.2,Rated R for strong sexuality including graphic nudity and frank dialogue
"Seventh-Seal,-The",8.2,
"Sex,-Lies-and-Videotape",7.2,
Sex-and-the-City,7.0,
Sexual-Life,5.1,"Rated R for strong sexuality including dialogue, and for language"
Shakespeare-in-Love,7.2,Rated R for sexuality
Shallow-Grave,7.4,"Rated R for scenes of strong grisly violence, and for some language and nudity"
Shame,9.0,
"Shawshank-Redemption,-The",9.3,Rated R for language and prison violence (certificate 33087)
She's-Out-of-My-League,6.4,Rated R for language and sexual content
Sherlock-Holmes,7.6,"Rated PG-13 for intense sequences of violence and action, some startling images and a scene of suggestive material"
Shifty,6.5,
"Shining,-The",8.4,
"Shipping-News,-The",6.8,"Rated R for some language, sexuality and disturbing images"
Shivers,6.6,
Shrek-the-Third,6.1,"Rated PG for some crude humor, suggestive content and swashbuckling action"
Shrek,7.9,Rated PG for mild language and some crude humor
Sideways,7.5,"Rated R for language, some strong sexual content and nudity (Approved No. 40894)"
"Siege,-The",7.3,
Signs,6.7,Rated PG-13 for some frightening moments
Silence-of-the-Lambs,8.6,
Silver-Bulle,6.4,
Silver-Linings-Playbook,7.8,Rated R for language and some sexual content/nudity
Simone,6.1,Rated PG-13 for some sensuality
Single-White-Female,6.3,"Rated R for strong sexuality, and for violence and language"
Sister-Ac,6.3,Rated PG for mild violence and language
Six-Degrees-of-Separation,6.9,Rated R for language and some sexuality
Sleepless-in-Seattle,6.8,Rated PG for some language
Sleepy-Hollow,7.5,
Sling-Blade,8.0,"Rated R for strong language, including descriptions of violent and sexual behavior"
Slither,6.5,"Rated R for strong horror violence and gore, and language"
Slumdog-Millionaire,8.0,"Rated R for some violence, disturbing images and language"
Smashed,6.8,"Rated R for alcohol abuse, language, some sexual content and brief drug use"
Smokin'-Aces,6.7,"Rated R for strong bloody violence, pervasive language, some nudity and drug use"
Snatc,8.3,"Rated R for strong violence, language and some nudity"
Snow-Falling-On-Cedars,6.8,"Rated PG-13 for disturbing images, sensuality and brief strong language"
Snow-White-and-the-Huntsman,6.1,"Rated PG-13 for intense sequences of violence and action, and brief sensuality"
So-I-Married-an-Axe-Murderer,6.4,"Rated PG-13 for nudity, language and mock terror"
"Social-Network,-The",7.7,"Rated PG-13 for sexual content, drug and alcohol use and language"
Solaris,8.1,
Soldier,6.0,Rated R for strong violence and brief language
Someone-To-Watch-Over-Me,6.1,
Something's-Gotta-Give,6.7,"Rated PG-13 for sexual content, brief nudity and strong language"
Source-Code,7.5,"Rated PG-13 for some violence including disturbing images, and for language"
South-Park,8.8,
Spanglis,6.4,Rated PG-13 for some sexual content and brief language
Spare-Me,,
Spartan,6.6,Rated R for violence and language
Speed-Racer,7.1,
Sphere,6.0,Rated PG-13 for sci-fi action including some startling images
Spider-Man,7.3,Rated PG-13 for stylized violence and action
St.-Elmo's-Fire,6.3,
Star-Trek-First-Contac,7.6,Rated PG-13 for some sci-fi adventure violence
Star-Trek-Generations,6.6,Rated PG for sci-fi action and some mild language
Star-Trek-II-The-Wrath-of-Khan,7.7,Rated PG for violence and language
Star-Trek-Nemesis,6.4,Rated PG-13 for sci-fi action violence and peril and a scene of sexual content
Star-Trek-The-Motion-Picture,6.4,Rated PG for sci-fi action and mild language (director's cut)
Star-Trek,8.4,
Star-Wars-A-New-Hope,8.7,Rated PG for sci-fi violence and brief mild language
Star-Wars-Attack-of-the-Clones,6.7,Rated PG for sustained sequences of sci-fi action/violence
Star-Wars-Return-of-the-Jedi,,
Star-Wars-Revenge-of-the-Si,7.6,Rated PG-13 for sci-fi violence and some intense images
Star-Wars-The-Empire-Strikes-Back,7.7,
Star-Wars-The-Force-Awakens,8.1,Rated PG-13 for sci-fi action violence
Star-Wars-The-Phantom-Menace,6.5,Rated PG for sci-fi action/violence
Starman,7.0,
Starship-Troopers,7.2,"Rated R for graphic sci-fi violence and gore, and for some language and nudity"
State-and-Main,6.8,Rated R for language and brief sexual images
Station-Wes,6.7,
Stepmo,6.7,Rated PG-13 for language and thematic elements
"Sting,-The",8.3,
Stir-of-Echoes,7.0,"Rated R for violence, sexuality and language"
Storytelling,6.9,"Rated R for strong sexual content, language and some drug use"
Strange-Days,7.2,"Rated R for intense disturbing violence, sexuality and pervasive strong language"
Strangers-on-a-Train,8.1,Rated PG for some violence and tension (re-issue) (1996)
"Stuntman,-The",7.2,
Sugar,7.2,"Rated R for language, some sexuality and brief drug use"
Sunset-Blvd,,
Sunshine-Cleaning,6.9,"Rated R for language, disturbing images, some sexuality and drug use"
Super-8,5.1,
Superbad,7.6,"Rated R for pervasive crude and sexual content, strong language, drinking, some drug use and a fantasy/comic violent image - all involving teens (certificate no. 43293)"
Supergir,6.6,
"Surfer-King,-The",3.9,"Rated PG-13 for some language, brief nudity and a drug reference"
Surrogates,6.3,"Rated PG-13 for intense sequences of violence, disturbing images, language, sexuality and a drug-related scene"
Suspect-Zero,5.9,"Rated R for violent content, language and some nudity"
Sweeney-Todd-The-Demon-Barber-of-Fleet-Stree,7.4,Rated R for graphic bloody violence (cut)
"Sweet-Hereafter,-The",7.7,Rated R for sexuality and some language
Sweet-Smell-of-Success,8.2,
Swordfis,6.5,"Rated R for violence, language and some sexuality/nudity"
"Synecdoche,-New-York",7.5,Rated R for language and some sexual content/nudity
Syriana,7.0,Rated R for violence and language
Take-Shelter,7.4,Rated R for some language
Taking-Lives,6.2,"Rated R for strong violence including disturbing images, language and some sexuality"
"Taking-of-Pelham-One-Two-Three,-The",7.7,
Taking-Sides,7.2,
"Talented-Mr.-Ripley,-The",7.3,"Rated R for violence, language and brief nudity"
Tall-in-the-Saddle,7.1,
Tamara-Drewe,6.2,Rated R for language and some sexuality
Taxi-Driver,4.6,
Ted,7.0,"Rated R for crude and sexual content, pervasive language, and some drug use"
Terminator-2-Judgement-Day,8.5,"Rated R for strong sci-fi action and violence, and for language"
Terminator-Salvation,6.6,"Rated PG-13 for intense sequences of sci-fi violence and action, and language"
Terminator,8.0,
The-Rage-Carrie-2,4.6,"Rated R for strong graphic horror violence and gore, brief strong sexuality and language"
Thelma-&-Louise,7.4,"Rated R for strong language, and for some violence and sensuality"
They,4.8,"Rated PG-13 for terror/violence, sexual content and language"
"Thing,-The",9.0,
"Things-My-Father-Never-Taught-Me,-The",7.9,
Thirteen-Days,7.3,Rated PG-13 for brief strong language
This-Boy's-Life,7.3,Rated R for strong language and sexuality
This-is-40,6.2,"Rated R for sexual content, crude humor, pervasive language and some drug material"
Thor,7.0,Rated PG-13 for sequences of intense sci-fi action and violence
Three-Kings-(Spoils-of-War),7.1,"Rated R for graphic war violence, language and some sexuality"
Three-Kings,7.1,"Rated R for graphic war violence, language and some sexuality"
Three-Men-and-a-Baby,5.4,
"Three-Musketeers,-The",5.8,Rated PG-13 for sequences of adventure action violence
Thunderbirds,6.8,
Thunderhear,6.8,"Rated R for language, and for some areas of violence"
Ticker,3.5,Rated R for violence and language
Timber-Falls,5.3,"Rated R for strong bloody horror violence, torture, language and some sexuality"
"Time-Machine,-The",6.4,"Rated R for strong crude and sexual content, nudity, drug use and pervasive language"
Tin-Cup,6.3,Rated R for language and brief nudity
Tin-Men,6.5,
Tinker-Tailor-Soldier-Spy,7.1,"Rated R for violence, some sexuality/nudity and language"
Titanic,7.7,"Rated PG-13 for disaster related peril and violence, nudity, sensuality and brief language"
TMNT,6.3,"Rated PG for animated action violence, some scary cartoon images and mild language"
To-Sleep-with-Anger,7.2,
Tombstone,7.8,Rated R for violence
Tomorrow-Never-Dies,6.5,"Rated PG-13 for intense sequences of action violence, sexuality and innuendo"
Total-Reca,7.5,
"Tourist,-The",6.0,Rated PG-13 for violence and brief strong language
Toy-Story,8.3,
Traffic,7.6,"Rated R for pervasive drug content, strong language, violence and some sexuality"
Training-Day,,
Trainspotting,8.2,"Rated R for graphic heroin use and resulting depravity, strong language, sex, nudity and some violence"
Transformers-The-Movie,7.3,
Tristan-and-Isolde,6.9,Rated PG-13 for intense battle sequences and some sexuality
TRON-Legacy,6.8,Rated PG for sequences of sci-fi action violence and brief mild language
TRON,6.8,
Tropic-Thunder,7.0,"Rated R for pervasive language including sexual references, violent content and drug material"
True-Gri,7.7,Rated PG-13 for some intense sequences of western violence including disturbing images
True-Lies,7.2,Rated R for a lot of action/violence and some language
True-Romance,8.0,"Rated R for strong violence and language, and for sexuality and drug use"
"Truman-Show,-The",8.1,Rated PG for thematic elements and mild language
Twilig,5.2,Rated PG-13 for some violence and a scene of sensuality
Twilight-New-Moon,4.6,Rated PG-13 for some violence and action
Twin-Peaks,8.9,
Twins,6.0,
Two-For-The-Money,6.2,"Rated R for pervasive language, a scene of sexuality and a violent act"
U-Turn,6.8,"Rated R for strong violence, sexuality and language"
"Ugly-Truth,-The",6.5,Rated R for sexual content and language
Un-Singe-en-Hiver,,
Unbreakable,7.2,"Rated PG-13 for mature thematic elements including some disturbing violent content, and for a crude sexual reference"
Under-Fire,7.1,
Unknown,6.9,"Rated PG-13 for some intense sequences of violence and action, and brief sexual content"
Up-in-the-Air,7.4,Rated R for language and some sexual content
Up,8.3,Rated PG for some peril and action
V-for-Vendetta,8.2,Rated R for strong violence and some language
Valkyrie,7.1,Rated PG-13 for violence and brief strong language
Vanilla-Sky,6.9,Rated R for sexuality and strong language
"Verdict,-The",7.8,
Very-Bad-Things,6.3,"Rated R for strong, grisly violence, sexuality, drug use and language"
"Village,-The",6.5,Rated PG-13 for a scene of violence and frightening situations
Virtuosity,5.5,"Rated R for strong futuristic violence, some brutal beatings and some language"
"Visitor,-The",7.7,Rated PG-13 for brief strong language
Wag-the-Dog,7.1,Rated R for language
"Walk-to-Remember,-A",7.4,"Rated PG for thematic elements, language and some sensual material"
Walking-Ta,8.6,
Wall-E,8.4,
Wall-Stree,8.2,"Rated R for sequences of strong sexual content, graphic nudity, drug use and language throughout, and for some violence"
Wall-Street-Money-Never-Sleeps,6.3,Rated PG-13 for brief strong language and thematic elements
Wanted,6.7,"Rated R for strong bloody violence throughout, pervasive language and some sexuality"
War-Horse,7.2,Rated PG-13 for intense sequences of war violence
War-of-the-Worlds,6.5,Rated PG-13 for frightening sequences of sci-fi violence and disturbing images
Warm-Springs,7.7,
Warrior,8.2,"Rated PG-13 for sequences of intense mixed martial arts fighting, some language and thematic material"
Watchmen,7.6,"Rated R for strong graphic violence, sexuality, nudity and language"
Water-for-Elephants,6.9,Rated PG-13 for moments of intense violence and sexual content
"Way-Back,-The",7.3,"Rated PG-13 for violent content, depiction of physical hardships, a nude image and brief strong language"
We-Own-the-Nig,6.9,"Rated R for strong violence, drug material, language, some sexual content and brief nudity"
What-About-Bob%3f,7.0,
What-Lies-Benea,6.6,"Rated PG-13 for terror/violence, sensuality and brief language"
When-a-Stranger-Calls,5.0,"Rated PG-13 for intense terror, violence and some language (Approved No. 42003)"
While-She-Was-Ou,4.8,Rated R for strong violence and language
"Whistleblower,-The",7.2,"Rated R for disturbing violent content including a brutal sexual assault, graphic nudity and language"
White-Christmas,7.6,
White-Jazz,,
"White-Ribbon,-The",7.8,Rated R for some disturbing content involving violence and sexuality
White-Squa,6.6,Rated PG-13 for some sexuality and a traumatic shipwreck
Whiteou,5.5,"Rated R for violence, grisly images, brief strong language and some nudity"
Who's-Your-Daddy,4.8,"Rated R for strong sexual content, crude humor and language"
Who-Framed-Roger-Rabbit%3f,7.7,
Wild-At-Hear,7.2,
"Wild-Bunch,-The",8.0,
Wild-Hogs,5.9,"Rated PG-13 for crude and sexual content, and some violence"
Wild-Things-Diamonds-in-the-Roug,4.5,"Rated R for strong sexual content, language and some violence"
Wild-Things,6.5,"Rated R for strong sexuality, nudity, language and some violence (original rating) (classification #35561)"
Wild-Wild-Wes,4.8,"Rated PG-13 for action violence, sex references and innuendo"
Willow,7.3,
Win-Win,,
Wind-Chi,5.9,Rated R for some violence and disturbing images
Withnail-and-I,7.8,
Witness,7.4,
"Wizard-of-Oz,-The",8.1,
"Wolf-of-Wall-Street,-The",8.2,"Rated R for sequences of strong sexual content, graphic nudity, drug use and language throughout, and for some violence"
Wonder-Boys,7.4,Rated R for language and drug content
"Woodsman,-The",7.2,"Rated R for sexuality, disturbing behavior and language"
"World-is-not-Enough,-The",6.4,"Rated PG-13 for intense sequences of action violence, some sexuality and innuendo"
"Wrestler,-The",7.9,"Rated R for violence, sexuality/nudity, language and some drug use"
"X-Files-Fight-the-Future,-The",7.1,
X-Men-Origins-Wolverine,6.7,"Rated PG-13 for intense sequences of action and violence, and some partial nudity"
xXx,5.8,"Rated PG-13 for violence, non-stop action sequences, sensuality, drug content and language"
Year-One,4.9,"Rated PG-13 for crude and sexual content throughout, brief strong language and comic violence"
Yes-Man,6.8,"Rated PG-13 for crude sexual humor, language and brief nudity"
You-Can-Count-On-Me,7.7,"Rated R for language, some drug use and a scene of sexuality"
Youth-in-Revo,6.5,"Rated R for sexual content, language and drug use"
Zero-Dark-Thirty,7.4,"Rated R for strong violence including brutal disturbing images, and for language"
Zerophilia,6.3,
